07-21 10:33 root         INFO     Startup
07-21 10:33 root         INFO     Environment:
07-21 10:33 root         INFO       INSTALLER_BASE=https://cdn.asahilinux.org/installer
07-21 10:33 root         INFO       INSTALLER_DATA=https://github.com/AsahiLinux/asahi-installer-data/raw/prod/data/installer_data.json
07-21 10:33 root         INFO       REPO_BASE=https://cdn.asahilinux.org
07-21 10:33 root         INFO       IPSW_BASE=None
07-21 10:33 root         INFO       EXPERT=None
07-21 10:33 root         INFO       REPORT=https://stats.asahilinux.org/report
07-21 10:33 root         INFO       REPORT_TAG=alx-prod
07-21 10:33 root         INFO     Version: v0.8.3
07-21 10:33 root         INFO     MSG: Welcome to the Asahi Linux installer!
07-21 10:33 root         INFO     MSG: This installer will guide you through the process of setting up
07-21 10:33 root         INFO     MSG: Asahi Linux on your Mac.
07-21 10:33 root         INFO     MSG: Please make sure you are familiar with our documentation at:
07-21 10:33 root         INFO     MSG:   [34;1mhttps://alx.sh/w[m[m
07-21 10:33 root         INFO     MSG: Press enter to continue.
07-21 10:33 root         INFO     MSG: Collecting system information...
07-21 10:33 root         INFO     MSG:   Product name: [mMacBook Pro (13-inch, M1, 2020)[m
07-21 10:33 root         INFO     MSG:   SoC: [mApple M1[m
07-21 10:33 root         INFO     MSG:   Device class: [mj293ap[m
07-21 10:33 root         INFO     MSG:   Product type: [mMacBookPro17,1[m
07-21 10:33 root         INFO     MSG:   Board ID: [m0x24[m
07-21 10:33 root         INFO     MSG:   Chip ID: [m0x8103[m
07-21 10:33 root         INFO     MSG:   System firmware: [mmBoot-18000.121.3[m
07-21 10:33 root         INFO     MSG:   Boot UUID: [m5A1616D5-7C62-4976-9218-0E69B7A83689[m
07-21 10:33 root         INFO     MSG:   Boot VGID: [m5A1616D5-7C62-4976-9218-0E69B7A83689[m
07-21 10:33 root         INFO     MSG:   Default boot VGID: [m5A1616D5-7C62-4976-9218-0E69B7A83689[m
07-21 10:33 root         INFO     MSG:   Boot mode: [mmacOS[m
07-21 10:33 root         INFO     MSG:   OS version: [m26.5.2 (25F84)[m
07-21 10:33 root         INFO     MSG:   OS restore version: [m25.6.84.0.0,0[m
07-21 10:33 root         INFO     MSG:   Main firmware version: [m26.5.2 (25F84)[m
07-21 10:33 root         INFO     MSG:   No Fallback System Firmware / rOS
07-21 10:33 root         INFO     MSG:   SFR version: [m25.6.84.0.0,0[m
07-21 10:33 root         INFO     MSG:   SystemRecovery version: [m25.4.125.0.0,0 (26.3 25D125)[m
07-21 10:33 root         INFO     MSG:   Login user: [mryano[m
07-21 10:33 root         INFO     bugs: Not a ProMotion device
07-21 10:33 root         INFO     MSG: Collecting partition information...
07-21 10:33 root         INFO     DiskUtil.get_info()
07-21 10:33 root         INFO     DiskUtil.get_list()
07-21 10:33 root         DEBUG    get: diskutil ('list', '-plist')
07-21 10:33 root         DEBUG      Whole disks:
07-21 10:33 root         DEBUG      - 'disk0'
07-21 10:33 root         DEBUG      - 'disk1'
07-21 10:33 root         DEBUG      - 'disk2'
07-21 10:33 root         DEBUG      - 'disk4'
07-21 10:33 root         DEBUG      All disks and partitions:
07-21 10:33 root         DEBUG      - disk0: {'Content': 'GUID_partition_scheme', 'DeviceIdentifier': 'disk0', 'OSInternal': False, 'Partitions': [{'Content': 'Apple_APFS_ISC', 'DeviceIdentifier': 'disk0s1', 'DiskUUID': '0A122F22-1ED2-485F-85D5-F7675C3F5B1C', 'Size': 524288000}, {'Content': 'Apple_APFS', 'DeviceIdentifier': 'disk0s2', 'DiskUUID': 'F37C4824-1793-4440-9F84-150D2E4AB400', 'Size': 245107195904}, {'Content': 'Apple_APFS_Recovery', 'DeviceIdentifier': 'disk0s4', 'DiskUUID': '307A0C62-CD7C-4D19-AC5C-90D98ADA4E11', 'Size': 5368664064}], 'Size': 251000193024}
07-21 10:33 root         DEBUG      - disk1: {'APFSPhysicalStores': [{'DeviceIdentifier': 'disk0s1'}], 'APFSVolumes': [{'CapacityInUse': 6025216, 'DeviceIdentifier': 'disk1s1', 'DiskUUID': 'EBFC59BD-E716-4332-AEED-F9B1795AFCE4', 'MountPoint': '/System/Volumes/iSCPreboot', 'MountedSnapshots': [], 'OSInternal': True, 'Size': 524288000, 'VolumeName': 'iSCPreboot', 'VolumeUUID': 'EBFC59BD-E716-4332-AEED-F9B1795AFCE4'}, {'CapacityInUse': 6311936, 'DeviceIdentifier': 'disk1s2', 'DiskUUID': '08832ADE-2568-42F4-A1ED-287D348DC322', 'MountPoint': '/System/Volumes/xarts', 'MountedSnapshots': [], 'OSInternal': True, 'Size': 524288000, 'VolumeName': 'xART', 'VolumeUUID': '08832ADE-2568-42F4-A1ED-287D348DC322'}, {'CapacityInUse': 2023424, 'DeviceIdentifier': 'disk1s3', 'DiskUUID': '842E91AB-449A-4216-BC31-5796BF72EB72', 'MountPoint': '/System/Volumes/Hardware', 'MountedSnapshots': [], 'OSInternal': True, 'Size': 524288000, 'VolumeName': 'Hardware', 'VolumeUUID': '842E91AB-449A-4216-BC31-5796BF72EB72'}, {'CapacityInUse': 20480, 'DeviceIdentifier': 'disk1s4', 'DiskUUID': '2F9265BA-A8BA-4517-B024-EA590EDCAC4C', 'MountedSnapshots': [], 'OSInternal': True, 'Size': 524288000, 'VolumeName': 'Recovery', 'VolumeUUID': '2F9265BA-A8BA-4517-B024-EA590EDCAC4C'}], 'Content': 'Apple_APFS_Container', 'DeviceIdentifier': 'disk1', 'OSInternal': True, 'Partitions': [], 'Size': 524288000}
07-21 10:33 root         DEBUG      - disk2: {'APFSPhysicalStores': [{'DeviceIdentifier': 'disk0s4'}], 'APFSVolumes': [{'CapacityInUse': 2078314496, 'DeviceIdentifier': 'disk2s1', 'DiskUUID': 'B5899017-C9E6-4F89-BF51-BABF2E52DCC0', 'MountedSnapshots': [], 'OSInternal': True, 'Size': 5368664064, 'VolumeName': 'Recovery', 'VolumeUUID': 'B5899017-C9E6-4F89-BF51-BABF2E52DCC0'}, {'CapacityInUse': 200704, 'DeviceIdentifier': 'disk2s2', 'DiskUUID': 'C3DE2374-A2F8-4B2A-9AB2-63C5BEB307D2', 'MountedSnapshots': [], 'OSInternal': True, 'Size': 5368664064, 'VolumeName': 'Update', 'VolumeUUID': 'C3DE2374-A2F8-4B2A-9AB2-63C5BEB307D2'}], 'Content': 'Apple_APFS_Container', 'DeviceIdentifier': 'disk2', 'OSInternal': True, 'Partitions': [], 'Size': 5368664064}
07-21 10:33 root         DEBUG      - disk4: {'APFSPhysicalStores': [{'DeviceIdentifier': 'disk0s2'}], 'APFSVolumes': [{'CapacityInUse': 115901399040, 'DeviceIdentifier': 'disk4s1', 'DiskUUID': '5A1616D5-7C62-4976-9218-0E69B7A83689', 'MountPoint': '/System/Volumes/Data', 'MountedSnapshots': [], 'OSInternal': False, 'Size': 245107195904, 'VolumeName': 'Macintosh HD - Data', 'VolumeUUID': '5A1616D5-7C62-4976-9218-0E69B7A83689'}, {'CapacityInUse': 61263872, 'DeviceIdentifier': 'disk4s2', 'DiskUUID': '1F182124-40A4-4A40-8639-BA0D3F476D49', 'MountPoint': '/System/Volumes/Update', 'MountedSnapshots': [], 'OSInternal': True, 'Size': 245107195904, 'VolumeName': 'Update', 'VolumeUUID': '1F182124-40A4-4A40-8639-BA0D3F476D49'}, {'CapacityInUse': 12565168128, 'DeviceIdentifier': 'disk4s3', 'DiskUUID': '610A55C3-CAA6-408E-B2B7-8D71F1F3AC86', 'MountedSnapshots': [{'Sealed': 'Yes', 'SnapshotBSD': 'disk4s3s1', 'SnapshotMountPoint': '/', 'SnapshotName': 'com.apple.os.update-5B92CE4BA1034457A0921532291F4A4AD939CBE48D3A1381163A9AD3687D5694', 'SnapshotUUID': 'E6437022-6150-4A5F-945D-6AB82464A5E5'}], 'OSInternal': False, 'Size': 245107195904, 'VolumeName': 'Macintosh HD', 'VolumeUUID': '610A55C3-CAA6-408E-B2B7-8D71F1F3AC86'}, {'CapacityInUse': 12565168128, 'DeviceIdentifier': 'disk4s3s1', 'DiskUUID': 'E6437022-6150-4A5F-945D-6AB82464A5E5', 'MountPoint': '/', 'OSInternal': False, 'Size': 245107195904, 'VolumeName': 'Macintosh HD', 'VolumeUUID': 'E6437022-6150-4A5F-945D-6AB82464A5E5'}, {'CapacityInUse': 9075265536, 'DeviceIdentifier': 'disk4s4', 'DiskUUID': 'D38651F3-2974-47B6-B53D-04E67876FF84', 'MountPoint': '/System/Volumes/Preboot', 'MountedSnapshots': [], 'OSInternal': False, 'Size': 245107195904, 'VolumeName': 'Preboot', 'VolumeUUID': 'D38651F3-2974-47B6-B53D-04E67876FF84'}, {'CapacityInUse': 1301176320, 'DeviceIdentifier': 'disk4s5', 'DiskUUID': 'D8FBC547-9F31-4A15-97BF-584140FA4CED', 'MountPoint': '/Volumes/Recovery', 'MountedSnapshots': [], 'OSInternal': False, 'Size': 245107195904, 'VolumeName': 'Recovery', 'VolumeUUID': 'D8FBC547-9F31-4A15-97BF-584140FA4CED'}, {'CapacityInUse': 1073790976, 'DeviceIdentifier': 'disk4s6', 'DiskUUID': '07D7615A-72BF-4745-A5B2-EC96EF7E665B', 'MountPoint': '/System/Volumes/VM', 'MountedSnapshots': [], 'OSInternal': False, 'Size': 245107195904, 'VolumeName': 'VM', 'VolumeUUID': '07D7615A-72BF-4745-A5B2-EC96EF7E665B'}], 'Content': 'Apple_APFS_Container', 'DeviceIdentifier': 'disk4', 'OSInternal': False, 'Partitions': [], 'Size': 245107195904}
07-21 10:33 root         INFO     DiskUtil.get_apfs_list(dev=None)
07-21 10:33 root         DEBUG    get: diskutil ('apfs', 'list', '-plist')
07-21 10:33 root         DEBUG    get: diskutil ('apfs', 'listVolumeGroups', 'disk1', '-plist')
07-21 10:33 root         DEBUG    container: {'APFSContainerUUID': '5E594248-3DA0-46B6-BAAD-ACD493B5B57C', 'CapacityCeiling': 524288000, 'CapacityFree': 504950784, 'ContainerReference': 'disk1', 'DesignatedPhysicalStore': 'disk0s1', 'PhysicalStores': [{'DeviceIdentifier': 'disk0s1', 'DiskUUID': '0A122F22-1ED2-485F-85D5-F7675C3F5B1C', 'Size': 524288000}], 'Volumes': [{'APFSVolumeUUID': 'EBFC59BD-E716-4332-AEED-F9B1795AFCE4', 'CapacityInUse': 6025216, 'CapacityQuota': 0, 'CapacityReserve': 0, 'CryptoMigrationOn': False, 'DeviceIdentifier': 'disk1s1', 'Encryption': False, 'FileVault': False, 'Locked': False, 'Name': 'iSCPreboot', 'Roles': ['Preboot']}, {'APFSVolumeUUID': '08832ADE-2568-42F4-A1ED-287D348DC322', 'CapacityInUse': 6311936, 'CapacityQuota': 0, 'CapacityReserve': 0, 'CryptoMigrationOn': False, 'DeviceIdentifier': 'disk1s2', 'Encryption': False, 'FileVault': False, 'Locked': False, 'Name': 'xART', 'Roles': ['xART']}, {'APFSVolumeUUID': '842E91AB-449A-4216-BC31-5796BF72EB72', 'CapacityInUse': 2023424, 'CapacityQuota': 0, 'CapacityReserve': 0, 'CryptoMigrationOn': False, 'DeviceIdentifier': 'disk1s3', 'Encryption': False, 'FileVault': False, 'Locked': False, 'Name': 'Hardware', 'Roles': ['Hardware']}, {'APFSVolumeUUID': '2F9265BA-A8BA-4517-B024-EA590EDCAC4C', 'CapacityInUse': 20480, 'CapacityQuota': 0, 'CapacityReserve': 0, 'CryptoMigrationOn': False, 'DeviceIdentifier': 'disk1s4', 'Encryption': False, 'FileVault': False, 'Locked': False, 'Name': 'Recovery', 'Roles': ['Recovery']}]}
07-21 10:33 root         DEBUG      VGs: {'Containers': [{'APFSContainerUUID': '5E594248-3DA0-46B6-BAAD-ACD493B5B57C', 'ContainerReference': 'disk1', 'VolumeGroups': []}]}
07-21 10:33 root         DEBUG    get: diskutil ('apfs', 'listVolumeGroups', 'disk2', '-plist')
07-21 10:33 root         DEBUG    container: {'APFSContainerUUID': 'E320760E-FB44-4A7B-B3B8-C7A568AE1F7A', 'CapacityCeiling': 5368664064, 'CapacityFree': 3270402048, 'ContainerReference': 'disk2', 'DesignatedPhysicalStore': 'disk0s4', 'PhysicalStores': [{'DeviceIdentifier': 'disk0s4', 'DiskUUID': '307A0C62-CD7C-4D19-AC5C-90D98ADA4E11', 'Size': 5368664064}], 'Volumes': [{'APFSVolumeUUID': 'B5899017-C9E6-4F89-BF51-BABF2E52DCC0', 'CapacityInUse': 2078314496, 'CapacityQuota': 0, 'CapacityReserve': 0, 'CryptoMigrationOn': False, 'DeviceIdentifier': 'disk2s1', 'Encryption': False, 'FileVault': False, 'Locked': False, 'Name': 'Recovery', 'Roles': ['Recovery']}, {'APFSVolumeUUID': 'C3DE2374-A2F8-4B2A-9AB2-63C5BEB307D2', 'CapacityInUse': 200704, 'CapacityQuota': 0, 'CapacityReserve': 0, 'CryptoMigrationOn': False, 'DeviceIdentifier': 'disk2s2', 'Encryption': False, 'FileVault': False, 'Locked': False, 'Name': 'Update', 'Roles': ['Update']}]}
07-21 10:33 root         DEBUG      VGs: {'Containers': [{'APFSContainerUUID': 'E320760E-FB44-4A7B-B3B8-C7A568AE1F7A', 'ContainerReference': 'disk2', 'VolumeGroups': []}]}
07-21 10:33 root         DEBUG    get: diskutil ('apfs', 'listVolumeGroups', 'disk4', '-plist')
07-21 10:33 root         DEBUG    container: {'APFSContainerUUID': 'D1CEEC84-B2EA-4219-BFD9-8ED3567C4AF9', 'CapacityCeiling': 245107195904, 'CapacityFree': 104991326208, 'ContainerReference': 'disk4', 'DesignatedPhysicalStore': 'disk0s2', 'PhysicalStores': [{'DeviceIdentifier': 'disk0s2', 'DiskUUID': 'F37C4824-1793-4440-9F84-150D2E4AB400', 'Size': 245107195904}], 'Volumes': [{'APFSVolumeUUID': '5A1616D5-7C62-4976-9218-0E69B7A83689', 'CapacityInUse': 115901923328, 'CapacityQuota': 0, 'CapacityReserve': 0, 'CryptoMigrationOn': False, 'DeviceIdentifier': 'disk4s1', 'Encryption': True, 'FileVault': True, 'Locked': False, 'Name': 'Macintosh HD - Data', 'Roles': ['Data']}, {'APFSVolumeUUID': '1F182124-40A4-4A40-8639-BA0D3F476D49', 'CapacityInUse': 61263872, 'CapacityQuota': 0, 'CapacityReserve': 0, 'CryptoMigrationOn': False, 'DeviceIdentifier': 'disk4s2', 'Encryption': False, 'FileVault': False, 'Locked': False, 'Name': 'Update', 'Roles': ['Update']}, {'APFSVolumeUUID': '610A55C3-CAA6-408E-B2B7-8D71F1F3AC86', 'CapacityInUse': 12565168128, 'CapacityQuota': 0, 'CapacityReserve': 0, 'CryptoMigrationOn': False, 'DeviceIdentifier': 'disk4s3', 'Encryption': True, 'FileVault': True, 'Locked': False, 'Name': 'Macintosh HD', 'Roles': ['System']}, {'APFSVolumeUUID': 'D38651F3-2974-47B6-B53D-04E67876FF84', 'CapacityInUse': 9075265536, 'CapacityQuota': 0, 'CapacityReserve': 0, 'CryptoMigrationOn': False, 'DeviceIdentifier': 'disk4s4', 'Encryption': False, 'FileVault': False, 'Locked': False, 'Name': 'Preboot', 'Roles': ['Preboot']}, {'APFSVolumeUUID': 'D8FBC547-9F31-4A15-97BF-584140FA4CED', 'CapacityInUse': 1301176320, 'CapacityQuota': 0, 'CapacityReserve': 0, 'CryptoMigrationOn': False, 'DeviceIdentifier': 'disk4s5', 'Encryption': False, 'FileVault': False, 'Locked': False, 'Name': 'Recovery', 'Roles': ['Recovery']}, {'APFSVolumeUUID': '07D7615A-72BF-4745-A5B2-EC96EF7E665B', 'CapacityInUse': 1073790976, 'CapacityQuota': 0, 'CapacityReserve': 0, 'CryptoMigrationOn': False, 'DeviceIdentifier': 'disk4s6', 'Encryption': False, 'FileVault': False, 'Locked': False, 'Name': 'VM', 'Roles': ['VM']}]}
07-21 10:33 root         DEBUG      VGs: {'Containers': [{'APFSContainerUUID': 'D1CEEC84-B2EA-4219-BFD9-8ED3567C4AF9', 'ContainerReference': 'disk4', 'VolumeGroups': [{'APFSVolumeGroupUUID': '5A1616D5-7C62-4976-9218-0E69B7A83689', 'Volumes': [{'DeviceIdentifier': 'disk4s1', 'DiskUUID': '5A1616D5-7C62-4976-9218-0E69B7A83689', 'NoBrowseRole': False, 'Role': 'Data'}, {'DeviceIdentifier': 'disk4s3', 'DiskUUID': '610A55C3-CAA6-408E-B2B7-8D71F1F3AC86', 'NoBrowseRole': False, 'Role': 'System'}]}]}]}
07-21 10:33 root         INFO     DiskUtil.get_disk_info()
07-21 10:33 root         DEBUG    get: diskutil ('info', '-plist', 'disk0')
07-21 10:33 root         DEBUG     disk0: {'AESHardware': True, 'Bootable': False, 'BusProtocol': 'Apple Fabric', 'CanBeMadeBootable': False, 'CanBeMadeBootableRequiresDestroy': False, 'Content': 'GUID_partition_scheme', 'DeviceBlockSize': 4096, 'DeviceIdentifier': 'disk0', 'DeviceNode': '/dev/disk0', 'DeviceTreePath': 'IODeviceTree:/arm-io@10F00000/ans@77400000/iop-ans-nub/AppleANS3NVMeController', 'Ejectable': False, 'EjectableMediaAutomaticUnderSoftwareControl': False, 'EjectableOnly': False, 'FreeSpace': 0, 'GlobalPermissionsEnabled': False, 'IOKitSize': 251000193024, 'IORegistryEntryName': 'APPLE SSD AP0256Q Media', 'Internal': True, 'LowLevelFormatSupported': False, 'MediaName': 'APPLE SSD AP0256Q', 'MediaType': 'Generic', 'MountPoint': '', 'OS9DriversInstalled': False, 'OSInternalMedia': False, 'ParentWholeDisk': 'disk0', 'PartitionMapPartition': False, 'RAIDMaster': False, 'RAIDSlice': False, 'Removable': False, 'RemovableMedia': False, 'RemovableMediaOrExternalDevice': False, 'SMARTDeviceSpecificKeysMayVaryNotGuaranteed': {'AVAILABLE_SPARE': 100, 'AVAILABLE_SPARE_THRESHOLD': 99, 'CONTROLLER_BUSY_TIME_0': 0, 'CONTROLLER_BUSY_TIME_1': 0, 'DATA_UNITS_READ_0': 286902763, 'DATA_UNITS_READ_1': 0, 'DATA_UNITS_WRITTEN_0': 165596156, 'DATA_UNITS_WRITTEN_1': 0, 'HOST_READ_COMMANDS_0': 4343402942, 'HOST_READ_COMMANDS_1': 0, 'HOST_WRITE_COMMANDS_0': 1837734184, 'HOST_WRITE_COMMANDS_1': 0, 'MEDIA_ERRORS_0': 0, 'MEDIA_ERRORS_1': 0, 'NUM_ERROR_INFO_LOG_ENTRIES_0': 0, 'NUM_ERROR_INFO_LOG_ENTRIES_1': 0, 'PERCENTAGE_USED': 5, 'POWER_CYCLES_0': 194, 'POWER_CYCLES_1': 0, 'POWER_ON_HOURS_0': 2032, 'POWER_ON_HOURS_1': 0, 'TEMPERATURE': 309, 'UNSAFE_SHUTDOWNS_0': 11, 'UNSAFE_SHUTDOWNS_1': 0}, 'SMARTStatus': 'Verified', 'Size': 251000193024, 'SolidState': True, 'SupportsGlobalPermissionsDisable': False, 'SystemImage': False, 'TotalSize': 251000193024, 'VirtualOrPhysical': 'Unknown', 'VolumeName': '', 'VolumeSize': 0, 'WholeDisk': True, 'Writable': True, 'WritableMedia': True, 'WritableVolume': False}
07-21 10:33 root         DEBUG    get: diskutil ('info', '-plist', 'disk1')
07-21 10:33 root         DEBUG     disk1: {'AESHardware': True, 'APFSContainerReference': 'disk1', 'APFSPhysicalStores': [{'APFSPhysicalStore': 'disk0s1'}], 'Bootable': False, 'BusProtocol': 'Apple Fabric', 'CanBeMadeBootable': False, 'CanBeMadeBootableRequiresDestroy': False, 'Content': 'EF57347C-0000-11AA-AA11-00306543ECAC', 'DeviceBlockSize': 4096, 'DeviceIdentifier': 'disk1', 'DeviceNode': '/dev/disk1', 'DeviceTreePath': 'IODeviceTree:/arm-io@10F00000/ans@77400000/iop-ans-nub/AppleANS3NVMeController', 'DiskUUID': '5E594248-3DA0-46B6-BAAD-ACD493B5B57C', 'Ejectable': False, 'EjectableMediaAutomaticUnderSoftwareControl': False, 'EjectableOnly': False, 'FreeSpace': 0, 'GlobalPermissionsEnabled': False, 'IOKitSize': 524288000, 'IORegistryEntryName': 'AppleAPFSMedia', 'Internal': True, 'LowLevelFormatSupported': False, 'MediaName': 'APPLE SSD AP0256Q', 'MediaType': 'Generic', 'MountPoint': '', 'OS9DriversInstalled': False, 'OSInternalMedia': True, 'ParentWholeDisk': 'disk1', 'PartitionMapPartition': False, 'RAIDMaster': False, 'RAIDSlice': False, 'Removable': False, 'RemovableMedia': False, 'RemovableMediaOrExternalDevice': False, 'SMARTDeviceSpecificKeysMayVaryNotGuaranteed': {'AVAILABLE_SPARE': 100, 'AVAILABLE_SPARE_THRESHOLD': 99, 'CONTROLLER_BUSY_TIME_0': 0, 'CONTROLLER_BUSY_TIME_1': 0, 'DATA_UNITS_READ_0': 286902763, 'DATA_UNITS_READ_1': 0, 'DATA_UNITS_WRITTEN_0': 165596156, 'DATA_UNITS_WRITTEN_1': 0, 'HOST_READ_COMMANDS_0': 4343402954, 'HOST_READ_COMMANDS_1': 0, 'HOST_WRITE_COMMANDS_0': 1837734184, 'HOST_WRITE_COMMANDS_1': 0, 'MEDIA_ERRORS_0': 0, 'MEDIA_ERRORS_1': 0, 'NUM_ERROR_INFO_LOG_ENTRIES_0': 0, 'NUM_ERROR_INFO_LOG_ENTRIES_1': 0, 'PERCENTAGE_USED': 5, 'POWER_CYCLES_0': 194, 'POWER_CYCLES_1': 0, 'POWER_ON_HOURS_0': 2032, 'POWER_ON_HOURS_1': 0, 'TEMPERATURE': 308, 'UNSAFE_SHUTDOWNS_0': 11, 'UNSAFE_SHUTDOWNS_1': 0}, 'SMARTStatus': 'Verified', 'Size': 524288000, 'SolidState': True, 'SupportsGlobalPermissionsDisable': False, 'SystemImage': False, 'TotalSize': 524288000, 'VirtualOrPhysical': 'Virtual', 'VolumeName': '', 'VolumeSize': 0, 'WholeDisk': True, 'Writable': True, 'WritableMedia': True, 'WritableVolume': False}
07-21 10:33 root         DEBUG    get: diskutil ('info', '-plist', 'disk2')
07-21 10:33 root         DEBUG     disk2: {'AESHardware': True, 'APFSContainerReference': 'disk2', 'APFSPhysicalStores': [{'APFSPhysicalStore': 'disk0s4'}], 'Bootable': False, 'BusProtocol': 'Apple Fabric', 'CanBeMadeBootable': False, 'CanBeMadeBootableRequiresDestroy': False, 'Content': 'EF57347C-0000-11AA-AA11-00306543ECAC', 'DeviceBlockSize': 4096, 'DeviceIdentifier': 'disk2', 'DeviceNode': '/dev/disk2', 'DeviceTreePath': 'IODeviceTree:/arm-io@10F00000/ans@77400000/iop-ans-nub/AppleANS3NVMeController', 'DiskUUID': 'E320760E-FB44-4A7B-B3B8-C7A568AE1F7A', 'Ejectable': False, 'EjectableMediaAutomaticUnderSoftwareControl': False, 'EjectableOnly': False, 'FreeSpace': 0, 'GlobalPermissionsEnabled': False, 'IOKitSize': 5368664064, 'IORegistryEntryName': 'AppleAPFSMedia', 'Internal': True, 'LowLevelFormatSupported': False, 'MediaName': 'APPLE SSD AP0256Q', 'MediaType': 'Generic', 'MountPoint': '', 'OS9DriversInstalled': False, 'OSInternalMedia': True, 'ParentWholeDisk': 'disk2', 'PartitionMapPartition': False, 'RAIDMaster': False, 'RAIDSlice': False, 'Removable': False, 'RemovableMedia': False, 'RemovableMediaOrExternalDevice': False, 'SMARTDeviceSpecificKeysMayVaryNotGuaranteed': {'AVAILABLE_SPARE': 100, 'AVAILABLE_SPARE_THRESHOLD': 99, 'CONTROLLER_BUSY_TIME_0': 0, 'CONTROLLER_BUSY_TIME_1': 0, 'DATA_UNITS_READ_0': 286902763, 'DATA_UNITS_READ_1': 0, 'DATA_UNITS_WRITTEN_0': 165596156, 'DATA_UNITS_WRITTEN_1': 0, 'HOST_READ_COMMANDS_0': 4343402954, 'HOST_READ_COMMANDS_1': 0, 'HOST_WRITE_COMMANDS_0': 1837734184, 'HOST_WRITE_COMMANDS_1': 0, 'MEDIA_ERRORS_0': 0, 'MEDIA_ERRORS_1': 0, 'NUM_ERROR_INFO_LOG_ENTRIES_0': 0, 'NUM_ERROR_INFO_LOG_ENTRIES_1': 0, 'PERCENTAGE_USED': 5, 'POWER_CYCLES_0': 194, 'POWER_CYCLES_1': 0, 'POWER_ON_HOURS_0': 2032, 'POWER_ON_HOURS_1': 0, 'TEMPERATURE': 308, 'UNSAFE_SHUTDOWNS_0': 11, 'UNSAFE_SHUTDOWNS_1': 0}, 'SMARTStatus': 'Verified', 'Size': 5368664064, 'SolidState': True, 'SupportsGlobalPermissionsDisable': False, 'SystemImage': False, 'TotalSize': 5368664064, 'VirtualOrPhysical': 'Virtual', 'VolumeName': '', 'VolumeSize': 0, 'WholeDisk': True, 'Writable': True, 'WritableMedia': True, 'WritableVolume': False}
07-21 10:33 root         DEBUG    get: diskutil ('info', '-plist', 'disk4')
07-21 10:33 root         DEBUG     disk4: {'AESHardware': True, 'APFSContainerReference': 'disk4', 'APFSPhysicalStores': [{'APFSPhysicalStore': 'disk0s2'}], 'Bootable': False, 'BusProtocol': 'Apple Fabric', 'CanBeMadeBootable': False, 'CanBeMadeBootableRequiresDestroy': False, 'Content': 'EF57347C-0000-11AA-AA11-00306543ECAC', 'DeviceBlockSize': 4096, 'DeviceIdentifier': 'disk4', 'DeviceNode': '/dev/disk4', 'DeviceTreePath': 'IODeviceTree:/arm-io@10F00000/ans@77400000/iop-ans-nub/AppleANS3NVMeController', 'DiskUUID': 'D1CEEC84-B2EA-4219-BFD9-8ED3567C4AF9', 'Ejectable': False, 'EjectableMediaAutomaticUnderSoftwareControl': False, 'EjectableOnly': False, 'FreeSpace': 0, 'GlobalPermissionsEnabled': False, 'IOKitSize': 245107195904, 'IORegistryEntryName': 'AppleAPFSMedia', 'Internal': True, 'LowLevelFormatSupported': False, 'MediaName': 'APPLE SSD AP0256Q', 'MediaType': 'Generic', 'MountPoint': '', 'OS9DriversInstalled': False, 'OSInternalMedia': False, 'ParentWholeDisk': 'disk4', 'PartitionMapPartition': False, 'RAIDMaster': False, 'RAIDSlice': False, 'Removable': False, 'RemovableMedia': False, 'RemovableMediaOrExternalDevice': False, 'SMARTDeviceSpecificKeysMayVaryNotGuaranteed': {'AVAILABLE_SPARE': 100, 'AVAILABLE_SPARE_THRESHOLD': 99, 'CONTROLLER_BUSY_TIME_0': 0, 'CONTROLLER_BUSY_TIME_1': 0, 'DATA_UNITS_READ_0': 286902763, 'DATA_UNITS_READ_1': 0, 'DATA_UNITS_WRITTEN_0': 165596156, 'DATA_UNITS_WRITTEN_1': 0, 'HOST_READ_COMMANDS_0': 4343402954, 'HOST_READ_COMMANDS_1': 0, 'HOST_WRITE_COMMANDS_0': 1837734184, 'HOST_WRITE_COMMANDS_1': 0, 'MEDIA_ERRORS_0': 0, 'MEDIA_ERRORS_1': 0, 'NUM_ERROR_INFO_LOG_ENTRIES_0': 0, 'NUM_ERROR_INFO_LOG_ENTRIES_1': 0, 'PERCENTAGE_USED': 5, 'POWER_CYCLES_0': 194, 'POWER_CYCLES_1': 0, 'POWER_ON_HOURS_0': 2032, 'POWER_ON_HOURS_1': 0, 'TEMPERATURE': 308, 'UNSAFE_SHUTDOWNS_0': 11, 'UNSAFE_SHUTDOWNS_1': 0}, 'SMARTStatus': 'Verified', 'Size': 245107195904, 'SolidState': True, 'SupportsGlobalPermissionsDisable': False, 'SystemImage': False, 'TotalSize': 245107195904, 'VirtualOrPhysical': 'Virtual', 'VolumeName': 'AppleAPFSMedia', 'VolumeSize': 0, 'WholeDisk': True, 'Writable': True, 'WritableMedia': True, 'WritableVolume': False}
07-21 10:33 root         INFO     DiskUtil.find_system_disk()
07-21 10:33 root         INFO     System disk: disk0
07-21 10:33 root         INFO     MSG:   System disk: [mdisk0[m
07-21 10:33 root         INFO     DiskUtil.get_partitions('disk0')
07-21 10:33 root         INFO     DiskUtil.get_partition_info(dev='disk0s1', refresh_apfs=False)
07-21 10:33 root         DEBUG    get: diskutil ('info', '-plist', 'disk0s1')
07-21 10:33 root         DEBUG    Partition disk0s1: Partition(name='disk0s1', offset=24576, size=524288000, free=False, type='Apple_APFS_ISC', uuid='0A122F22-1ED2-485F-85D5-F7675C3F5B1C', desc=None, label=None, info={'AESHardware': True, 'Bootable': False, 'BusProtocol': 'Apple Fabric', 'CanBeMadeBootable': False, 'CanBeMadeBootableRequiresDestroy': False, 'Content': 'Apple_APFS_ISC', 'DeviceBlockSize': 4096, 'DeviceIdentifier': 'disk0s1', 'DeviceNode': '/dev/disk0s1', 'DeviceTreePath': 'IODeviceTree:/arm-io@10F00000/ans@77400000/iop-ans-nub/AppleANS3NVMeController', 'DiskUUID': '0A122F22-1ED2-485F-85D5-F7675C3F5B1C', 'Ejectable': False, 'EjectableMediaAutomaticUnderSoftwareControl': False, 'EjectableOnly': False, 'FreeSpace': 0, 'GlobalPermissionsEnabled': False, 'IOKitSize': 524288000, 'IORegistryEntryName': 'iBootSystemContainer', 'Internal': True, 'MediaName': '', 'MediaType': 'Generic', 'MountPoint': '', 'OSInternalMedia': False, 'ParentWholeDisk': 'disk0', 'PartitionMapPartition': True, 'PartitionMapPartitionOffset': 24576, 'RAIDMaster': False, 'RAIDSlice': False, 'Removable': False, 'RemovableMedia': False, 'RemovableMediaOrExternalDevice': False, 'SMARTDeviceSpecificKeysMayVaryNotGuaranteed': {'AVAILABLE_SPARE': 100, 'AVAILABLE_SPARE_THRESHOLD': 99, 'CONTROLLER_BUSY_TIME_0': 0, 'CONTROLLER_BUSY_TIME_1': 0, 'DATA_UNITS_READ_0': 286902765, 'DATA_UNITS_READ_1': 0, 'DATA_UNITS_WRITTEN_0': 165596156, 'DATA_UNITS_WRITTEN_1': 0, 'HOST_READ_COMMANDS_0': 4343403123, 'HOST_READ_COMMANDS_1': 0, 'HOST_WRITE_COMMANDS_0': 1837734184, 'HOST_WRITE_COMMANDS_1': 0, 'MEDIA_ERRORS_0': 0, 'MEDIA_ERRORS_1': 0, 'NUM_ERROR_INFO_LOG_ENTRIES_0': 0, 'NUM_ERROR_INFO_LOG_ENTRIES_1': 0, 'PERCENTAGE_USED': 5, 'POWER_CYCLES_0': 194, 'POWER_CYCLES_1': 0, 'POWER_ON_HOURS_0': 2032, 'POWER_ON_HOURS_1': 0, 'TEMPERATURE': 308, 'UNSAFE_SHUTDOWNS_0': 11, 'UNSAFE_SHUTDOWNS_1': 0}, 'SMARTStatus': 'Verified', 'Size': 524288000, 'SolidState': True, 'SupportsGlobalPermissionsDisable': False, 'SystemImage': False, 'TotalSize': 524288000, 'VolumeName': '', 'VolumeSize': 0, 'WholeDisk': False, 'Writable': True, 'WritableMedia': True, 'WritableVolume': False}, container={'APFSContainerUUID': '5E594248-3DA0-46B6-BAAD-ACD493B5B57C', 'CapacityCeiling': 524288000, 'CapacityFree': 504950784, 'ContainerReference': 'disk1', 'DesignatedPhysicalStore': 'disk0s1', 'PhysicalStores': [{'DeviceIdentifier': 'disk0s1', 'DiskUUID': '0A122F22-1ED2-485F-85D5-F7675C3F5B1C', 'Size': 524288000}], 'Volumes': [{'APFSVolumeUUID': 'EBFC59BD-E716-4332-AEED-F9B1795AFCE4', 'CapacityInUse': 6025216, 'CapacityQuota': 0, 'CapacityReserve': 0, 'CryptoMigrationOn': False, 'DeviceIdentifier': 'disk1s1', 'Encryption': False, 'FileVault': False, 'Locked': False, 'Name': 'iSCPreboot', 'Roles': ['Preboot']}, {'APFSVolumeUUID': '08832ADE-2568-42F4-A1ED-287D348DC322', 'CapacityInUse': 6311936, 'CapacityQuota': 0, 'CapacityReserve': 0, 'CryptoMigrationOn': False, 'DeviceIdentifier': 'disk1s2', 'Encryption': False, 'FileVault': False, 'Locked': False, 'Name': 'xART', 'Roles': ['xART']}, {'APFSVolumeUUID': '842E91AB-449A-4216-BC31-5796BF72EB72', 'CapacityInUse': 2023424, 'CapacityQuota': 0, 'CapacityReserve': 0, 'CryptoMigrationOn': False, 'DeviceIdentifier': 'disk1s3', 'Encryption': False, 'FileVault': False, 'Locked': False, 'Name': 'Hardware', 'Roles': ['Hardware']}, {'APFSVolumeUUID': '2F9265BA-A8BA-4517-B024-EA590EDCAC4C', 'CapacityInUse': 20480, 'CapacityQuota': 0, 'CapacityReserve': 0, 'CryptoMigrationOn': False, 'DeviceIdentifier': 'disk1s4', 'Encryption': False, 'FileVault': False, 'Locked': False, 'Name': 'Recovery', 'Roles': ['Recovery']}], 'VolumeGroups': []}, os=None)
07-21 10:33 root         INFO     DiskUtil.get_partition_info(dev='disk0s2', refresh_apfs=False)
07-21 10:33 root         DEBUG    get: diskutil ('info', '-plist', 'disk0s2')
07-21 10:33 root         DEBUG    Partition disk0s2: Partition(name='disk0s2', offset=524312576, size=245107195904, free=False, type='Apple_APFS', uuid='F37C4824-1793-4440-9F84-150D2E4AB400', desc=None, label='Macintosh HD', info={'AESHardware': True, 'APFSContainerReference': 'disk4', 'Bootable': True, 'BusProtocol': 'Apple Fabric', 'CanBeMadeBootable': False, 'CanBeMadeBootableRequiresDestroy': False, 'Content': 'Apple_APFS', 'DeviceBlockSize': 4096, 'DeviceIdentifier': 'disk0s2', 'DeviceNode': '/dev/disk0s2', 'DeviceTreePath': 'IODeviceTree:/arm-io@10F00000/ans@77400000/iop-ans-nub/AppleANS3NVMeController', 'DiskUUID': 'F37C4824-1793-4440-9F84-150D2E4AB400', 'Ejectable': False, 'EjectableMediaAutomaticUnderSoftwareControl': False, 'EjectableOnly': False, 'FreeSpace': 0, 'GlobalPermissionsEnabled': False, 'IOKitSize': 245107195904, 'IORegistryEntryName': 'Untitled 2', 'Internal': True, 'MediaName': '', 'MediaType': 'Generic', 'MountPoint': '', 'OSInternalMedia': False, 'ParentWholeDisk': 'disk0', 'PartitionMapPartition': True, 'PartitionMapPartitionOffset': 524312576, 'RAIDMaster': False, 'RAIDSlice': False, 'Removable': False, 'RemovableMedia': False, 'RemovableMediaOrExternalDevice': False, 'SMARTDeviceSpecificKeysMayVaryNotGuaranteed': {'AVAILABLE_SPARE': 100, 'AVAILABLE_SPARE_THRESHOLD': 99, 'CONTROLLER_BUSY_TIME_0': 0, 'CONTROLLER_BUSY_TIME_1': 0, 'DATA_UNITS_READ_0': 286902767, 'DATA_UNITS_READ_1': 0, 'DATA_UNITS_WRITTEN_0': 165596156, 'DATA_UNITS_WRITTEN_1': 0, 'HOST_READ_COMMANDS_0': 4343403267, 'HOST_READ_COMMANDS_1': 0, 'HOST_WRITE_COMMANDS_0': 1837734184, 'HOST_WRITE_COMMANDS_1': 0, 'MEDIA_ERRORS_0': 0, 'MEDIA_ERRORS_1': 0, 'NUM_ERROR_INFO_LOG_ENTRIES_0': 0, 'NUM_ERROR_INFO_LOG_ENTRIES_1': 0, 'PERCENTAGE_USED': 5, 'POWER_CYCLES_0': 194, 'POWER_CYCLES_1': 0, 'POWER_ON_HOURS_0': 2032, 'POWER_ON_HOURS_1': 0, 'TEMPERATURE': 308, 'UNSAFE_SHUTDOWNS_0': 11, 'UNSAFE_SHUTDOWNS_1': 0}, 'SMARTStatus': 'Verified', 'Size': 245107195904, 'SolidState': True, 'SupportsGlobalPermissionsDisable': False, 'SystemImage': False, 'TotalSize': 245107195904, 'VolumeName': '', 'VolumeSize': 0, 'WholeDisk': False, 'Writable': True, 'WritableMedia': True, 'WritableVolume': False}, container={'APFSContainerUUID': 'D1CEEC84-B2EA-4219-BFD9-8ED3567C4AF9', 'CapacityCeiling': 245107195904, 'CapacityFree': 104991326208, 'ContainerReference': 'disk4', 'DesignatedPhysicalStore': 'disk0s2', 'PhysicalStores': [{'DeviceIdentifier': 'disk0s2', 'DiskUUID': 'F37C4824-1793-4440-9F84-150D2E4AB400', 'Size': 245107195904}], 'Volumes': [{'APFSVolumeUUID': '5A1616D5-7C62-4976-9218-0E69B7A83689', 'CapacityInUse': 115901923328, 'CapacityQuota': 0, 'CapacityReserve': 0, 'CryptoMigrationOn': False, 'DeviceIdentifier': 'disk4s1', 'Encryption': True, 'FileVault': True, 'Locked': False, 'Name': 'Macintosh HD - Data', 'Roles': ['Data']}, {'APFSVolumeUUID': '1F182124-40A4-4A40-8639-BA0D3F476D49', 'CapacityInUse': 61263872, 'CapacityQuota': 0, 'CapacityReserve': 0, 'CryptoMigrationOn': False, 'DeviceIdentifier': 'disk4s2', 'Encryption': False, 'FileVault': False, 'Locked': False, 'Name': 'Update', 'Roles': ['Update']}, {'APFSVolumeUUID': '610A55C3-CAA6-408E-B2B7-8D71F1F3AC86', 'CapacityInUse': 12565168128, 'CapacityQuota': 0, 'CapacityReserve': 0, 'CryptoMigrationOn': False, 'DeviceIdentifier': 'disk4s3', 'Encryption': True, 'FileVault': True, 'Locked': False, 'Name': 'Macintosh HD', 'Roles': ['System']}, {'APFSVolumeUUID': 'D38651F3-2974-47B6-B53D-04E67876FF84', 'CapacityInUse': 9075265536, 'CapacityQuota': 0, 'CapacityReserve': 0, 'CryptoMigrationOn': False, 'DeviceIdentifier': 'disk4s4', 'Encryption': False, 'FileVault': False, 'Locked': False, 'Name': 'Preboot', 'Roles': ['Preboot']}, {'APFSVolumeUUID': 'D8FBC547-9F31-4A15-97BF-584140FA4CED', 'CapacityInUse': 1301176320, 'CapacityQuota': 0, 'CapacityReserve': 0, 'CryptoMigrationOn': False, 'DeviceIdentifier': 'disk4s5', 'Encryption': False, 'FileVault': False, 'Locked': False, 'Name': 'Recovery', 'Roles': ['Recovery']}, {'APFSVolumeUUID': '07D7615A-72BF-4745-A5B2-EC96EF7E665B', 'CapacityInUse': 1073790976, 'CapacityQuota': 0, 'CapacityReserve': 0, 'CryptoMigrationOn': False, 'DeviceIdentifier': 'disk4s6', 'Encryption': False, 'FileVault': False, 'Locked': False, 'Name': 'VM', 'Roles': ['VM']}], 'VolumeGroups': [{'APFSVolumeGroupUUID': '5A1616D5-7C62-4976-9218-0E69B7A83689', 'Volumes': [{'DeviceIdentifier': 'disk4s1', 'DiskUUID': '5A1616D5-7C62-4976-9218-0E69B7A83689', 'NoBrowseRole': False, 'Role': 'Data'}, {'DeviceIdentifier': 'disk4s3', 'DiskUUID': '610A55C3-CAA6-408E-B2B7-8D71F1F3AC86', 'NoBrowseRole': False, 'Role': 'System'}]}]}, os=None)
07-21 10:33 root         INFO     DiskUtil.get_partition_info(dev='disk0s4', refresh_apfs=False)
07-21 10:33 root         DEBUG    get: diskutil ('info', '-plist', 'disk0s4')
07-21 10:33 root         DEBUG    Partition disk0s4: Partition(name='disk0s4', offset=245631508480, size=5368664064, free=False, type='Apple_APFS_Recovery', uuid='307A0C62-CD7C-4D19-AC5C-90D98ADA4E11', desc=None, label=None, info={'AESHardware': True, 'Bootable': False, 'BusProtocol': 'Apple Fabric', 'CanBeMadeBootable': False, 'CanBeMadeBootableRequiresDestroy': False, 'Content': 'Apple_APFS_Recovery', 'DeviceBlockSize': 4096, 'DeviceIdentifier': 'disk0s4', 'DeviceNode': '/dev/disk0s4', 'DeviceTreePath': 'IODeviceTree:/arm-io@10F00000/ans@77400000/iop-ans-nub/AppleANS3NVMeController', 'DiskUUID': '307A0C62-CD7C-4D19-AC5C-90D98ADA4E11', 'Ejectable': False, 'EjectableMediaAutomaticUnderSoftwareControl': False, 'EjectableOnly': False, 'FreeSpace': 0, 'GlobalPermissionsEnabled': False, 'IOKitSize': 5368664064, 'IORegistryEntryName': 'RecoveryOSContainer', 'Internal': True, 'MediaName': '', 'MediaType': 'Generic', 'MountPoint': '', 'OSInternalMedia': False, 'ParentWholeDisk': 'disk0', 'PartitionMapPartition': True, 'PartitionMapPartitionOffset': 245631508480, 'RAIDMaster': False, 'RAIDSlice': False, 'Removable': False, 'RemovableMedia': False, 'RemovableMediaOrExternalDevice': False, 'SMARTDeviceSpecificKeysMayVaryNotGuaranteed': {'AVAILABLE_SPARE': 100, 'AVAILABLE_SPARE_THRESHOLD': 99, 'CONTROLLER_BUSY_TIME_0': 0, 'CONTROLLER_BUSY_TIME_1': 0, 'DATA_UNITS_READ_0': 286902768, 'DATA_UNITS_READ_1': 0, 'DATA_UNITS_WRITTEN_0': 165596156, 'DATA_UNITS_WRITTEN_1': 0, 'HOST_READ_COMMANDS_0': 4343403428, 'HOST_READ_COMMANDS_1': 0, 'HOST_WRITE_COMMANDS_0': 1837734184, 'HOST_WRITE_COMMANDS_1': 0, 'MEDIA_ERRORS_0': 0, 'MEDIA_ERRORS_1': 0, 'NUM_ERROR_INFO_LOG_ENTRIES_0': 0, 'NUM_ERROR_INFO_LOG_ENTRIES_1': 0, 'PERCENTAGE_USED': 5, 'POWER_CYCLES_0': 194, 'POWER_CYCLES_1': 0, 'POWER_ON_HOURS_0': 2032, 'POWER_ON_HOURS_1': 0, 'TEMPERATURE': 308, 'UNSAFE_SHUTDOWNS_0': 11, 'UNSAFE_SHUTDOWNS_1': 0}, 'SMARTStatus': 'Verified', 'Size': 5368664064, 'SolidState': True, 'SupportsGlobalPermissionsDisable': False, 'SystemImage': False, 'TotalSize': 5368664064, 'VolumeName': '', 'VolumeSize': 0, 'WholeDisk': False, 'Writable': True, 'WritableMedia': True, 'WritableVolume': False}, container={'APFSContainerUUID': 'E320760E-FB44-4A7B-B3B8-C7A568AE1F7A', 'CapacityCeiling': 5368664064, 'CapacityFree': 3270402048, 'ContainerReference': 'disk2', 'DesignatedPhysicalStore': 'disk0s4', 'PhysicalStores': [{'DeviceIdentifier': 'disk0s4', 'DiskUUID': '307A0C62-CD7C-4D19-AC5C-90D98ADA4E11', 'Size': 5368664064}], 'Volumes': [{'APFSVolumeUUID': 'B5899017-C9E6-4F89-BF51-BABF2E52DCC0', 'CapacityInUse': 2078314496, 'CapacityQuota': 0, 'CapacityReserve': 0, 'CryptoMigrationOn': False, 'DeviceIdentifier': 'disk2s1', 'Encryption': False, 'FileVault': False, 'Locked': False, 'Name': 'Recovery', 'Roles': ['Recovery']}, {'APFSVolumeUUID': 'C3DE2374-A2F8-4B2A-9AB2-63C5BEB307D2', 'CapacityInUse': 200704, 'CapacityQuota': 0, 'CapacityReserve': 0, 'CryptoMigrationOn': False, 'DeviceIdentifier': 'disk2s2', 'Encryption': False, 'FileVault': False, 'Locked': False, 'Name': 'Update', 'Roles': ['Update']}], 'VolumeGroups': []}, os=None)
07-21 10:33 root         INFO     MSG: Collecting OS information...
07-21 10:33 root         INFO     OSEnum.collect()
07-21 10:33 root         INFO     OSEnum.collect_part(part=disk0s1)
07-21 10:33 root         INFO     OSEnum.collect_part(part=disk0s2)
07-21 10:33 root         INFO     OSEnum.collect_os(part=disk0s2, vgid=5A1616D5-7C62-4976-9218-0E69B7A83689)
07-21 10:33 root         DEBUG    run: diskutil ('mount', 'disk4s4')
07-21 10:33 root         DEBUG    process output: b'Volume Preboot on disk4s4 mounted\n'
07-21 10:33 root         DEBUG    get: diskutil ('info', '-plist', 'disk4s4')
07-21 10:33 root         INFO       mounts[Preboot]: /System/Volumes/Preboot
07-21 10:33 root         DEBUG    run: diskutil ('mount', 'disk4s5')
07-21 10:33 root         DEBUG    process output: b'Volume Recovery on disk4s5 mounted\n'
07-21 10:33 root         DEBUG    get: diskutil ('info', '-plist', 'disk4s5')
07-21 10:33 root         INFO       mounts[Recovery]: /Volumes/Recovery
07-21 10:33 root         DEBUG    run: diskutil ('mount', 'disk4s3s1')
07-21 10:33 root         DEBUG    process output: b'Volume Macintosh HD on disk4s3s1 mounted\n'
07-21 10:33 root         DEBUG    get: diskutil ('info', '-plist', 'disk4s3s1')
07-21 10:33 root         INFO       mounts[System]: /
07-21 10:33 root         DEBUG    run: diskutil ('mount', 'disk4s1')
07-21 10:33 root         DEBUG    process output: b'Volume Macintosh HD - Data on disk4s1 mounted\n'
07-21 10:33 root         DEBUG    get: diskutil ('info', '-plist', 'disk4s1')
07-21 10:33 root         INFO       mounts[Data]: /System/Volumes/Data
07-21 10:33 root         INFO       Trying SystemVersion.plist...
07-21 10:33 root         INFO         Version: 26.5.2
07-21 10:33 root         INFO       Admin users: ['ryano']
07-21 10:33 root         INFO       BootPolicy[coih] = None
07-21 10:33 root         INFO       BootPolicy[nsih] = CB262E15A70624CEB48AF051D9F516A8CD86C06CC1685062C06C145FB24A243E630D4E3D15D94037839E8E3C17D027A9
07-21 10:33 root         INFO      Found [[1mMacintosh HD[m] [1;32mmacOS v26.5.2[m [disk4s3s1, 5A1616D5-7C62-4976-9218-0E69B7A83689]
07-21 10:33 root         INFO     OSEnum.collect_recovery(part=disk0s4)
07-21 10:33 root         INFO      Found SROS: recoveryOS v26.5.2 [Primary recoveryOS]
07-21 10:33 root         INFO     Checking resizability of disk0s2
07-21 10:33 root         INFO       Has OS
07-21 10:33 root         INFO       Min space required: 38500000000
07-21 10:33 root         INFO       Free space: 104991326208
07-21 10:33 root         INFO       Can resize
07-21 10:33 root         INFO     Checking resizability of disk0s4
07-21 10:33 root         INFO       Not APFS or system container
07-21 10:33 root         INFO     MSG: Partitions in system disk (disk0):
07-21 10:33 root         INFO     MSG:   [1m1[m: APFS [Macintosh HD] (245.11 GB, 6 volumes)[m
07-21 10:33 root         INFO     MSG:     OS: [[32mB[m[1m*[m] [[1mMacintosh HD[m] [1;32mmacOS v26.5.2[m [disk4s3s1, 5A1616D5-7C62-4976-9218-0E69B7A83689][m
07-21 10:33 root         INFO     MSG:   [1m2[m: APFS (System Recovery) (5.37 GB, 2 volumes)[m
07-21 10:33 root         INFO     MSG:     OS: [  ] recoveryOS v26.5.2 [Primary recoveryOS]
07-21 10:33 root         INFO     MSG:   [[32mB[m ] = Booted OS, [[33mR[m ] = Booted recovery, [[31m?[m ] = Unknown[m
07-21 10:33 root         INFO     MSG:   [ [1m*[m] = Default boot volume[m
07-21 10:33 root         INFO     MSG: Using OS 'Macintosh HD' (disk4s3s1) for machine authentication.
07-21 10:33 root         INFO     Current OS: Macintosh HD / disk4s3s1
07-21 10:33 root         INFO     MSG: Choose what to do:
07-21 10:33 root         INFO     MSG:   [1mr[22m: Resize an existing partition to make space for a new OS[m
07-21 10:33 root         INFO     MSG:   [1mq[22m: Quit without doing anything[m
07-21 10:33 root         INFO     MSG: [1;37m»[1;36m Action (r): [m
07-21 10:33 root         INFO     INPUT: 'r'
07-21 10:33 root         DEBUG    get: diskutil ('apfs', 'resizeContainer', 'disk0s2', 'limits', '-plist')
07-21 10:33 root         INFO       Has OS
07-21 10:33 root         INFO     MSG: We're going to resize this partition:
07-21 10:33 root         INFO     MSG:   APFS [Macintosh HD] (245.11 GB, 6 volumes)
07-21 10:33 root         INFO     MSG:   Total size: [m245.11 GB[m
07-21 10:33 root         INFO     MSG:   Free space: [m104.99 GB[m
07-21 10:33 root         INFO     MSG:   Available space: [m66.99 GB[m
07-21 10:33 root         INFO     MSG:   Overhead: [m0 B[m
07-21 10:33 root         INFO     MSG:   Minimum new size: [m178.12 GB (72.67%)[m
07-21 10:33 root         INFO     MSG: Enter the new size for your existing partition:
07-21 10:33 root         INFO     MSG:   You can enter a size such as '1GB', a fraction such as '50%',
07-21 10:33 root         INFO     MSG:   or the word 'min' for the smallest allowable size.
07-21 10:33 root         INFO     MSG:   Examples:
07-21 10:33 root         INFO     MSG:   30%  - 30% to macOS, 70% to the new OS
07-21 10:33 root         INFO     MSG:   80GB - 80GB to macOS, the rest to your new OS
07-21 10:33 root         INFO     MSG:   min  - Shrink macOS as much as (safely) possible
07-21 10:33 root         INFO     MSG: [1;37m»[1;36m New size (min): [m
07-21 10:34 root         INFO     INPUT: '185.11GB'
07-21 10:34 root         INFO     MSG: Resizing will free up 60.00 GB of space.
07-21 10:34 root         INFO     MSG: Note: your system may appear to freeze during the resize.
07-21 10:34 root         INFO     MSG: This is normal, just wait until the process completes.
07-21 10:34 root         INFO     MSG: [1;37m»[1;36m Continue? (y/N): [m
07-21 10:34 root         INFO     INPUT: 'y'
07-21 10:34 root         DEBUG    run: diskutil ('apfs', 'resizeContainer', 'disk0s2', '185110364160')
07-21 10:36 root         INFO     MSG: Resize complete. Press enter to continue.
07-21 10:42 root         INFO     MSG: Collecting partition information...
07-21 10:42 root         INFO     DiskUtil.get_info()
07-21 10:42 root         INFO     DiskUtil.get_list()
07-21 10:42 root         DEBUG    get: diskutil ('list', '-plist')
07-21 10:42 root         DEBUG      Whole disks:
07-21 10:42 root         DEBUG      - 'disk0'
07-21 10:42 root         DEBUG      - 'disk1'
07-21 10:42 root         DEBUG      - 'disk2'
07-21 10:42 root         DEBUG      - 'disk4'
07-21 10:42 root         DEBUG      All disks and partitions:
07-21 10:42 root         DEBUG      - disk0: {'Content': 'GUID_partition_scheme', 'DeviceIdentifier': 'disk0', 'OSInternal': False, 'Partitions': [{'Content': 'Apple_APFS_ISC', 'DeviceIdentifier': 'disk0s1', 'DiskUUID': '0A122F22-1ED2-485F-85D5-F7675C3F5B1C', 'Size': 524288000}, {'Content': 'Apple_APFS', 'DeviceIdentifier': 'disk0s2', 'DiskUUID': 'F37C4824-1793-4440-9F84-150D2E4AB400', 'Size': 185110364160}, {'Content': 'Apple_APFS_Recovery', 'DeviceIdentifier': 'disk0s4', 'DiskUUID': '307A0C62-CD7C-4D19-AC5C-90D98ADA4E11', 'Size': 5368664064}], 'Size': 251000193024}
07-21 10:42 root         DEBUG      - disk1: {'APFSPhysicalStores': [{'DeviceIdentifier': 'disk0s1'}], 'APFSVolumes': [{'CapacityInUse': 6025216, 'DeviceIdentifier': 'disk1s1', 'DiskUUID': 'EBFC59BD-E716-4332-AEED-F9B1795AFCE4', 'MountPoint': '/System/Volumes/iSCPreboot', 'MountedSnapshots': [], 'OSInternal': True, 'Size': 524288000, 'VolumeName': 'iSCPreboot', 'VolumeUUID': 'EBFC59BD-E716-4332-AEED-F9B1795AFCE4'}, {'CapacityInUse': 6311936, 'DeviceIdentifier': 'disk1s2', 'DiskUUID': '08832ADE-2568-42F4-A1ED-287D348DC322', 'MountPoint': '/System/Volumes/xarts', 'MountedSnapshots': [], 'OSInternal': True, 'Size': 524288000, 'VolumeName': 'xART', 'VolumeUUID': '08832ADE-2568-42F4-A1ED-287D348DC322'}, {'CapacityInUse': 2023424, 'DeviceIdentifier': 'disk1s3', 'DiskUUID': '842E91AB-449A-4216-BC31-5796BF72EB72', 'MountPoint': '/System/Volumes/Hardware', 'MountedSnapshots': [], 'OSInternal': True, 'Size': 524288000, 'VolumeName': 'Hardware', 'VolumeUUID': '842E91AB-449A-4216-BC31-5796BF72EB72'}, {'CapacityInUse': 20480, 'DeviceIdentifier': 'disk1s4', 'DiskUUID': '2F9265BA-A8BA-4517-B024-EA590EDCAC4C', 'MountedSnapshots': [], 'OSInternal': True, 'Size': 524288000, 'VolumeName': 'Recovery', 'VolumeUUID': '2F9265BA-A8BA-4517-B024-EA590EDCAC4C'}], 'Content': 'Apple_APFS_Container', 'DeviceIdentifier': 'disk1', 'OSInternal': True, 'Partitions': [], 'Size': 524288000}
07-21 10:42 root         DEBUG      - disk2: {'APFSPhysicalStores': [{'DeviceIdentifier': 'disk0s4'}], 'APFSVolumes': [{'CapacityInUse': 2078314496, 'DeviceIdentifier': 'disk2s1', 'DiskUUID': 'B5899017-C9E6-4F89-BF51-BABF2E52DCC0', 'MountedSnapshots': [], 'OSInternal': True, 'Size': 5368664064, 'VolumeName': 'Recovery', 'VolumeUUID': 'B5899017-C9E6-4F89-BF51-BABF2E52DCC0'}, {'CapacityInUse': 200704, 'DeviceIdentifier': 'disk2s2', 'DiskUUID': 'C3DE2374-A2F8-4B2A-9AB2-63C5BEB307D2', 'MountedSnapshots': [], 'OSInternal': True, 'Size': 5368664064, 'VolumeName': 'Update', 'VolumeUUID': 'C3DE2374-A2F8-4B2A-9AB2-63C5BEB307D2'}], 'Content': 'Apple_APFS_Container', 'DeviceIdentifier': 'disk2', 'OSInternal': True, 'Partitions': [], 'Size': 5368664064}
07-21 10:42 root         DEBUG      - disk4: {'APFSPhysicalStores': [{'DeviceIdentifier': 'disk0s2'}], 'APFSVolumes': [{'CapacityInUse': 115898724352, 'DeviceIdentifier': 'disk4s1', 'DiskUUID': '5A1616D5-7C62-4976-9218-0E69B7A83689', 'MountPoint': '/System/Volumes/Data', 'MountedSnapshots': [], 'OSInternal': False, 'Size': 185110364160, 'VolumeName': 'Macintosh HD - Data', 'VolumeUUID': '5A1616D5-7C62-4976-9218-0E69B7A83689'}, {'CapacityInUse': 61263872, 'DeviceIdentifier': 'disk4s2', 'DiskUUID': '1F182124-40A4-4A40-8639-BA0D3F476D49', 'MountPoint': '/System/Volumes/Update', 'MountedSnapshots': [], 'OSInternal': True, 'Size': 185110364160, 'VolumeName': 'Update', 'VolumeUUID': '1F182124-40A4-4A40-8639-BA0D3F476D49'}, {'CapacityInUse': 12565168128, 'DeviceIdentifier': 'disk4s3', 'DiskUUID': '610A55C3-CAA6-408E-B2B7-8D71F1F3AC86', 'MountedSnapshots': [{'Sealed': 'Yes', 'SnapshotBSD': 'disk4s3s1', 'SnapshotMountPoint': '/', 'SnapshotName': 'com.apple.os.update-5B92CE4BA1034457A0921532291F4A4AD939CBE48D3A1381163A9AD3687D5694', 'SnapshotUUID': 'E6437022-6150-4A5F-945D-6AB82464A5E5'}], 'OSInternal': False, 'Size': 185110364160, 'VolumeName': 'Macintosh HD', 'VolumeUUID': '610A55C3-CAA6-408E-B2B7-8D71F1F3AC86'}, {'CapacityInUse': 12565168128, 'DeviceIdentifier': 'disk4s3s1', 'DiskUUID': 'E6437022-6150-4A5F-945D-6AB82464A5E5', 'MountPoint': '/', 'OSInternal': False, 'Size': 185110364160, 'VolumeName': 'Macintosh HD', 'VolumeUUID': 'E6437022-6150-4A5F-945D-6AB82464A5E5'}, {'CapacityInUse': 9075310592, 'DeviceIdentifier': 'disk4s4', 'DiskUUID': 'D38651F3-2974-47B6-B53D-04E67876FF84', 'MountPoint': '/System/Volumes/Preboot', 'MountedSnapshots': [], 'OSInternal': False, 'Size': 185110364160, 'VolumeName': 'Preboot', 'VolumeUUID': 'D38651F3-2974-47B6-B53D-04E67876FF84'}, {'CapacityInUse': 1301176320, 'DeviceIdentifier': 'disk4s5', 'DiskUUID': 'D8FBC547-9F31-4A15-97BF-584140FA4CED', 'MountPoint': '/Volumes/Recovery', 'MountedSnapshots': [], 'OSInternal': False, 'Size': 185110364160, 'VolumeName': 'Recovery', 'VolumeUUID': 'D8FBC547-9F31-4A15-97BF-584140FA4CED'}, {'CapacityInUse': 2147581952, 'DeviceIdentifier': 'disk4s6', 'DiskUUID': '07D7615A-72BF-4745-A5B2-EC96EF7E665B', 'MountPoint': '/System/Volumes/VM', 'MountedSnapshots': [], 'OSInternal': False, 'Size': 185110364160, 'VolumeName': 'VM', 'VolumeUUID': '07D7615A-72BF-4745-A5B2-EC96EF7E665B'}], 'Content': 'Apple_APFS_Container', 'DeviceIdentifier': 'disk4', 'OSInternal': False, 'Partitions': [], 'Size': 185110364160}
07-21 10:42 root         INFO     DiskUtil.get_apfs_list(dev=None)
07-21 10:42 root         DEBUG    get: diskutil ('apfs', 'list', '-plist')
07-21 10:42 root         DEBUG    get: diskutil ('apfs', 'listVolumeGroups', 'disk1', '-plist')
07-21 10:42 root         DEBUG    container: {'APFSContainerUUID': '5E594248-3DA0-46B6-BAAD-ACD493B5B57C', 'CapacityCeiling': 524288000, 'CapacityFree': 504950784, 'ContainerReference': 'disk1', 'DesignatedPhysicalStore': 'disk0s1', 'PhysicalStores': [{'DeviceIdentifier': 'disk0s1', 'DiskUUID': '0A122F22-1ED2-485F-85D5-F7675C3F5B1C', 'Size': 524288000}], 'Volumes': [{'APFSVolumeUUID': 'EBFC59BD-E716-4332-AEED-F9B1795AFCE4', 'CapacityInUse': 6025216, 'CapacityQuota': 0, 'CapacityReserve': 0, 'CryptoMigrationOn': False, 'DeviceIdentifier': 'disk1s1', 'Encryption': False, 'FileVault': False, 'Locked': False, 'Name': 'iSCPreboot', 'Roles': ['Preboot']}, {'APFSVolumeUUID': '08832ADE-2568-42F4-A1ED-287D348DC322', 'CapacityInUse': 6311936, 'CapacityQuota': 0, 'CapacityReserve': 0, 'CryptoMigrationOn': False, 'DeviceIdentifier': 'disk1s2', 'Encryption': False, 'FileVault': False, 'Locked': False, 'Name': 'xART', 'Roles': ['xART']}, {'APFSVolumeUUID': '842E91AB-449A-4216-BC31-5796BF72EB72', 'CapacityInUse': 2023424, 'CapacityQuota': 0, 'CapacityReserve': 0, 'CryptoMigrationOn': False, 'DeviceIdentifier': 'disk1s3', 'Encryption': False, 'FileVault': False, 'Locked': False, 'Name': 'Hardware', 'Roles': ['Hardware']}, {'APFSVolumeUUID': '2F9265BA-A8BA-4517-B024-EA590EDCAC4C', 'CapacityInUse': 20480, 'CapacityQuota': 0, 'CapacityReserve': 0, 'CryptoMigrationOn': False, 'DeviceIdentifier': 'disk1s4', 'Encryption': False, 'FileVault': False, 'Locked': False, 'Name': 'Recovery', 'Roles': ['Recovery']}]}
07-21 10:42 root         DEBUG      VGs: {'Containers': [{'APFSContainerUUID': '5E594248-3DA0-46B6-BAAD-ACD493B5B57C', 'ContainerReference': 'disk1', 'VolumeGroups': []}]}
07-21 10:42 root         DEBUG    get: diskutil ('apfs', 'listVolumeGroups', 'disk2', '-plist')
07-21 10:42 root         DEBUG    container: {'APFSContainerUUID': 'E320760E-FB44-4A7B-B3B8-C7A568AE1F7A', 'CapacityCeiling': 5368664064, 'CapacityFree': 3270402048, 'ContainerReference': 'disk2', 'DesignatedPhysicalStore': 'disk0s4', 'PhysicalStores': [{'DeviceIdentifier': 'disk0s4', 'DiskUUID': '307A0C62-CD7C-4D19-AC5C-90D98ADA4E11', 'Size': 5368664064}], 'Volumes': [{'APFSVolumeUUID': 'B5899017-C9E6-4F89-BF51-BABF2E52DCC0', 'CapacityInUse': 2078314496, 'CapacityQuota': 0, 'CapacityReserve': 0, 'CryptoMigrationOn': False, 'DeviceIdentifier': 'disk2s1', 'Encryption': False, 'FileVault': False, 'Locked': False, 'Name': 'Recovery', 'Roles': ['Recovery']}, {'APFSVolumeUUID': 'C3DE2374-A2F8-4B2A-9AB2-63C5BEB307D2', 'CapacityInUse': 200704, 'CapacityQuota': 0, 'CapacityReserve': 0, 'CryptoMigrationOn': False, 'DeviceIdentifier': 'disk2s2', 'Encryption': False, 'FileVault': False, 'Locked': False, 'Name': 'Update', 'Roles': ['Update']}]}
07-21 10:42 root         DEBUG      VGs: {'Containers': [{'APFSContainerUUID': 'E320760E-FB44-4A7B-B3B8-C7A568AE1F7A', 'ContainerReference': 'disk2', 'VolumeGroups': []}]}
07-21 10:42 root         DEBUG    get: diskutil ('apfs', 'listVolumeGroups', 'disk4', '-plist')
07-21 10:42 root         DEBUG    container: {'APFSContainerUUID': 'D1CEEC84-B2EA-4219-BFD9-8ED3567C4AF9', 'CapacityCeiling': 185110364160, 'CapacityFree': 43929403392, 'ContainerReference': 'disk4', 'DesignatedPhysicalStore': 'disk0s2', 'PhysicalStores': [{'DeviceIdentifier': 'disk0s2', 'DiskUUID': 'F37C4824-1793-4440-9F84-150D2E4AB400', 'Size': 185110364160}], 'Volumes': [{'APFSVolumeUUID': '5A1616D5-7C62-4976-9218-0E69B7A83689', 'CapacityInUse': 115898728448, 'CapacityQuota': 0, 'CapacityReserve': 0, 'CryptoMigrationOn': False, 'DeviceIdentifier': 'disk4s1', 'Encryption': True, 'FileVault': True, 'Locked': False, 'Name': 'Macintosh HD - Data', 'Roles': ['Data']}, {'APFSVolumeUUID': '1F182124-40A4-4A40-8639-BA0D3F476D49', 'CapacityInUse': 61263872, 'CapacityQuota': 0, 'CapacityReserve': 0, 'CryptoMigrationOn': False, 'DeviceIdentifier': 'disk4s2', 'Encryption': False, 'FileVault': False, 'Locked': False, 'Name': 'Update', 'Roles': ['Update']}, {'APFSVolumeUUID': '610A55C3-CAA6-408E-B2B7-8D71F1F3AC86', 'CapacityInUse': 12565168128, 'CapacityQuota': 0, 'CapacityReserve': 0, 'CryptoMigrationOn': False, 'DeviceIdentifier': 'disk4s3', 'Encryption': True, 'FileVault': True, 'Locked': False, 'Name': 'Macintosh HD', 'Roles': ['System']}, {'APFSVolumeUUID': 'D38651F3-2974-47B6-B53D-04E67876FF84', 'CapacityInUse': 9075310592, 'CapacityQuota': 0, 'CapacityReserve': 0, 'CryptoMigrationOn': False, 'DeviceIdentifier': 'disk4s4', 'Encryption': False, 'FileVault': False, 'Locked': False, 'Name': 'Preboot', 'Roles': ['Preboot']}, {'APFSVolumeUUID': 'D8FBC547-9F31-4A15-97BF-584140FA4CED', 'CapacityInUse': 1301176320, 'CapacityQuota': 0, 'CapacityReserve': 0, 'CryptoMigrationOn': False, 'DeviceIdentifier': 'disk4s5', 'Encryption': False, 'FileVault': False, 'Locked': False, 'Name': 'Recovery', 'Roles': ['Recovery']}, {'APFSVolumeUUID': '07D7615A-72BF-4745-A5B2-EC96EF7E665B', 'CapacityInUse': 2147581952, 'CapacityQuota': 0, 'CapacityReserve': 0, 'CryptoMigrationOn': False, 'DeviceIdentifier': 'disk4s6', 'Encryption': False, 'FileVault': False, 'Locked': False, 'Name': 'VM', 'Roles': ['VM']}]}
07-21 10:42 root         DEBUG      VGs: {'Containers': [{'APFSContainerUUID': 'D1CEEC84-B2EA-4219-BFD9-8ED3567C4AF9', 'ContainerReference': 'disk4', 'VolumeGroups': [{'APFSVolumeGroupUUID': '5A1616D5-7C62-4976-9218-0E69B7A83689', 'Volumes': [{'DeviceIdentifier': 'disk4s1', 'DiskUUID': '5A1616D5-7C62-4976-9218-0E69B7A83689', 'NoBrowseRole': False, 'Role': 'Data'}, {'DeviceIdentifier': 'disk4s3', 'DiskUUID': '610A55C3-CAA6-408E-B2B7-8D71F1F3AC86', 'NoBrowseRole': False, 'Role': 'System'}]}]}]}
07-21 10:42 root         INFO     DiskUtil.get_disk_info()
07-21 10:42 root         DEBUG    get: diskutil ('info', '-plist', 'disk0')
07-21 10:42 root         DEBUG     disk0: {'AESHardware': True, 'Bootable': False, 'BusProtocol': 'Apple Fabric', 'CanBeMadeBootable': False, 'CanBeMadeBootableRequiresDestroy': False, 'Content': 'GUID_partition_scheme', 'DeviceBlockSize': 4096, 'DeviceIdentifier': 'disk0', 'DeviceNode': '/dev/disk0', 'DeviceTreePath': 'IODeviceTree:/arm-io@10F00000/ans@77400000/iop-ans-nub/AppleANS3NVMeController', 'Ejectable': False, 'EjectableMediaAutomaticUnderSoftwareControl': False, 'EjectableOnly': False, 'FreeSpace': 0, 'GlobalPermissionsEnabled': False, 'IOKitSize': 251000193024, 'IORegistryEntryName': 'APPLE SSD AP0256Q Media', 'Internal': True, 'LowLevelFormatSupported': False, 'MediaName': 'APPLE SSD AP0256Q', 'MediaType': 'Generic', 'MountPoint': '', 'OS9DriversInstalled': False, 'OSInternalMedia': False, 'ParentWholeDisk': 'disk0', 'PartitionMapPartition': False, 'RAIDMaster': False, 'RAIDSlice': False, 'Removable': False, 'RemovableMedia': False, 'RemovableMediaOrExternalDevice': False, 'SMARTDeviceSpecificKeysMayVaryNotGuaranteed': {'AVAILABLE_SPARE': 100, 'AVAILABLE_SPARE_THRESHOLD': 99, 'CONTROLLER_BUSY_TIME_0': 0, 'CONTROLLER_BUSY_TIME_1': 0, 'DATA_UNITS_READ_0': 286913061, 'DATA_UNITS_READ_1': 0, 'DATA_UNITS_WRITTEN_0': 165597924, 'DATA_UNITS_WRITTEN_1': 0, 'HOST_READ_COMMANDS_0': 4343900702, 'HOST_READ_COMMANDS_1': 0, 'HOST_WRITE_COMMANDS_0': 1837751252, 'HOST_WRITE_COMMANDS_1': 0, 'MEDIA_ERRORS_0': 0, 'MEDIA_ERRORS_1': 0, 'NUM_ERROR_INFO_LOG_ENTRIES_0': 0, 'NUM_ERROR_INFO_LOG_ENTRIES_1': 0, 'PERCENTAGE_USED': 5, 'POWER_CYCLES_0': 194, 'POWER_CYCLES_1': 0, 'POWER_ON_HOURS_0': 2032, 'POWER_ON_HOURS_1': 0, 'TEMPERATURE': 306, 'UNSAFE_SHUTDOWNS_0': 11, 'UNSAFE_SHUTDOWNS_1': 0}, 'SMARTStatus': 'Verified', 'Size': 251000193024, 'SolidState': True, 'SupportsGlobalPermissionsDisable': False, 'SystemImage': False, 'TotalSize': 251000193024, 'VirtualOrPhysical': 'Unknown', 'VolumeName': '', 'VolumeSize': 0, 'WholeDisk': True, 'Writable': True, 'WritableMedia': True, 'WritableVolume': False}
07-21 10:42 root         DEBUG    get: diskutil ('info', '-plist', 'disk1')
07-21 10:42 root         DEBUG     disk1: {'AESHardware': True, 'APFSContainerReference': 'disk1', 'APFSPhysicalStores': [{'APFSPhysicalStore': 'disk0s1'}], 'Bootable': False, 'BusProtocol': 'Apple Fabric', 'CanBeMadeBootable': False, 'CanBeMadeBootableRequiresDestroy': False, 'Content': 'EF57347C-0000-11AA-AA11-00306543ECAC', 'DeviceBlockSize': 4096, 'DeviceIdentifier': 'disk1', 'DeviceNode': '/dev/disk1', 'DeviceTreePath': 'IODeviceTree:/arm-io@10F00000/ans@77400000/iop-ans-nub/AppleANS3NVMeController', 'DiskUUID': '5E594248-3DA0-46B6-BAAD-ACD493B5B57C', 'Ejectable': False, 'EjectableMediaAutomaticUnderSoftwareControl': False, 'EjectableOnly': False, 'FreeSpace': 0, 'GlobalPermissionsEnabled': False, 'IOKitSize': 524288000, 'IORegistryEntryName': 'AppleAPFSMedia', 'Internal': True, 'LowLevelFormatSupported': False, 'MediaName': 'APPLE SSD AP0256Q', 'MediaType': 'Generic', 'MountPoint': '', 'OS9DriversInstalled': False, 'OSInternalMedia': True, 'ParentWholeDisk': 'disk1', 'PartitionMapPartition': False, 'RAIDMaster': False, 'RAIDSlice': False, 'Removable': False, 'RemovableMedia': False, 'RemovableMediaOrExternalDevice': False, 'SMARTDeviceSpecificKeysMayVaryNotGuaranteed': {'AVAILABLE_SPARE': 100, 'AVAILABLE_SPARE_THRESHOLD': 99, 'CONTROLLER_BUSY_TIME_0': 0, 'CONTROLLER_BUSY_TIME_1': 0, 'DATA_UNITS_READ_0': 286913061, 'DATA_UNITS_READ_1': 0, 'DATA_UNITS_WRITTEN_0': 165597924, 'DATA_UNITS_WRITTEN_1': 0, 'HOST_READ_COMMANDS_0': 4343900703, 'HOST_READ_COMMANDS_1': 0, 'HOST_WRITE_COMMANDS_0': 1837751252, 'HOST_WRITE_COMMANDS_1': 0, 'MEDIA_ERRORS_0': 0, 'MEDIA_ERRORS_1': 0, 'NUM_ERROR_INFO_LOG_ENTRIES_0': 0, 'NUM_ERROR_INFO_LOG_ENTRIES_1': 0, 'PERCENTAGE_USED': 5, 'POWER_CYCLES_0': 194, 'POWER_CYCLES_1': 0, 'POWER_ON_HOURS_0': 2032, 'POWER_ON_HOURS_1': 0, 'TEMPERATURE': 305, 'UNSAFE_SHUTDOWNS_0': 11, 'UNSAFE_SHUTDOWNS_1': 0}, 'SMARTStatus': 'Verified', 'Size': 524288000, 'SolidState': True, 'SupportsGlobalPermissionsDisable': False, 'SystemImage': False, 'TotalSize': 524288000, 'VirtualOrPhysical': 'Virtual', 'VolumeName': '', 'VolumeSize': 0, 'WholeDisk': True, 'Writable': True, 'WritableMedia': True, 'WritableVolume': False}
07-21 10:42 root         DEBUG    get: diskutil ('info', '-plist', 'disk2')
07-21 10:42 root         DEBUG     disk2: {'AESHardware': True, 'APFSContainerReference': 'disk2', 'APFSPhysicalStores': [{'APFSPhysicalStore': 'disk0s4'}], 'Bootable': False, 'BusProtocol': 'Apple Fabric', 'CanBeMadeBootable': False, 'CanBeMadeBootableRequiresDestroy': False, 'Content': 'EF57347C-0000-11AA-AA11-00306543ECAC', 'DeviceBlockSize': 4096, 'DeviceIdentifier': 'disk2', 'DeviceNode': '/dev/disk2', 'DeviceTreePath': 'IODeviceTree:/arm-io@10F00000/ans@77400000/iop-ans-nub/AppleANS3NVMeController', 'DiskUUID': 'E320760E-FB44-4A7B-B3B8-C7A568AE1F7A', 'Ejectable': False, 'EjectableMediaAutomaticUnderSoftwareControl': False, 'EjectableOnly': False, 'FreeSpace': 0, 'GlobalPermissionsEnabled': False, 'IOKitSize': 5368664064, 'IORegistryEntryName': 'AppleAPFSMedia', 'Internal': True, 'LowLevelFormatSupported': False, 'MediaName': 'APPLE SSD AP0256Q', 'MediaType': 'Generic', 'MountPoint': '', 'OS9DriversInstalled': False, 'OSInternalMedia': True, 'ParentWholeDisk': 'disk2', 'PartitionMapPartition': False, 'RAIDMaster': False, 'RAIDSlice': False, 'Removable': False, 'RemovableMedia': False, 'RemovableMediaOrExternalDevice': False, 'SMARTDeviceSpecificKeysMayVaryNotGuaranteed': {'AVAILABLE_SPARE': 100, 'AVAILABLE_SPARE_THRESHOLD': 99, 'CONTROLLER_BUSY_TIME_0': 0, 'CONTROLLER_BUSY_TIME_1': 0, 'DATA_UNITS_READ_0': 286913061, 'DATA_UNITS_READ_1': 0, 'DATA_UNITS_WRITTEN_0': 165597924, 'DATA_UNITS_WRITTEN_1': 0, 'HOST_READ_COMMANDS_0': 4343900703, 'HOST_READ_COMMANDS_1': 0, 'HOST_WRITE_COMMANDS_0': 1837751252, 'HOST_WRITE_COMMANDS_1': 0, 'MEDIA_ERRORS_0': 0, 'MEDIA_ERRORS_1': 0, 'NUM_ERROR_INFO_LOG_ENTRIES_0': 0, 'NUM_ERROR_INFO_LOG_ENTRIES_1': 0, 'PERCENTAGE_USED': 5, 'POWER_CYCLES_0': 194, 'POWER_CYCLES_1': 0, 'POWER_ON_HOURS_0': 2032, 'POWER_ON_HOURS_1': 0, 'TEMPERATURE': 305, 'UNSAFE_SHUTDOWNS_0': 11, 'UNSAFE_SHUTDOWNS_1': 0}, 'SMARTStatus': 'Verified', 'Size': 5368664064, 'SolidState': True, 'SupportsGlobalPermissionsDisable': False, 'SystemImage': False, 'TotalSize': 5368664064, 'VirtualOrPhysical': 'Virtual', 'VolumeName': '', 'VolumeSize': 0, 'WholeDisk': True, 'Writable': True, 'WritableMedia': True, 'WritableVolume': False}
07-21 10:42 root         DEBUG    get: diskutil ('info', '-plist', 'disk4')
07-21 10:42 root         DEBUG     disk4: {'AESHardware': True, 'APFSContainerReference': 'disk4', 'APFSPhysicalStores': [{'APFSPhysicalStore': 'disk0s2'}], 'Bootable': False, 'BusProtocol': 'Apple Fabric', 'CanBeMadeBootable': False, 'CanBeMadeBootableRequiresDestroy': False, 'Content': 'EF57347C-0000-11AA-AA11-00306543ECAC', 'DeviceBlockSize': 4096, 'DeviceIdentifier': 'disk4', 'DeviceNode': '/dev/disk4', 'DeviceTreePath': 'IODeviceTree:/arm-io@10F00000/ans@77400000/iop-ans-nub/AppleANS3NVMeController', 'DiskUUID': 'D1CEEC84-B2EA-4219-BFD9-8ED3567C4AF9', 'Ejectable': False, 'EjectableMediaAutomaticUnderSoftwareControl': False, 'EjectableOnly': False, 'FreeSpace': 0, 'GlobalPermissionsEnabled': False, 'IOKitSize': 185110364160, 'IORegistryEntryName': 'AppleAPFSMedia', 'Internal': True, 'LowLevelFormatSupported': False, 'MediaName': 'APPLE SSD AP0256Q', 'MediaType': 'Generic', 'MountPoint': '', 'OS9DriversInstalled': False, 'OSInternalMedia': False, 'ParentWholeDisk': 'disk4', 'PartitionMapPartition': False, 'RAIDMaster': False, 'RAIDSlice': False, 'Removable': False, 'RemovableMedia': False, 'RemovableMediaOrExternalDevice': False, 'SMARTDeviceSpecificKeysMayVaryNotGuaranteed': {'AVAILABLE_SPARE': 100, 'AVAILABLE_SPARE_THRESHOLD': 99, 'CONTROLLER_BUSY_TIME_0': 0, 'CONTROLLER_BUSY_TIME_1': 0, 'DATA_UNITS_READ_0': 286913062, 'DATA_UNITS_READ_1': 0, 'DATA_UNITS_WRITTEN_0': 165597924, 'DATA_UNITS_WRITTEN_1': 0, 'HOST_READ_COMMANDS_0': 4343900727, 'HOST_READ_COMMANDS_1': 0, 'HOST_WRITE_COMMANDS_0': 1837751252, 'HOST_WRITE_COMMANDS_1': 0, 'MEDIA_ERRORS_0': 0, 'MEDIA_ERRORS_1': 0, 'NUM_ERROR_INFO_LOG_ENTRIES_0': 0, 'NUM_ERROR_INFO_LOG_ENTRIES_1': 0, 'PERCENTAGE_USED': 5, 'POWER_CYCLES_0': 194, 'POWER_CYCLES_1': 0, 'POWER_ON_HOURS_0': 2032, 'POWER_ON_HOURS_1': 0, 'TEMPERATURE': 305, 'UNSAFE_SHUTDOWNS_0': 11, 'UNSAFE_SHUTDOWNS_1': 0}, 'SMARTStatus': 'Verified', 'Size': 185110364160, 'SolidState': True, 'SupportsGlobalPermissionsDisable': False, 'SystemImage': False, 'TotalSize': 185110364160, 'VirtualOrPhysical': 'Virtual', 'VolumeName': 'AppleAPFSMedia', 'VolumeSize': 0, 'WholeDisk': True, 'Writable': True, 'WritableMedia': True, 'WritableVolume': False}
07-21 10:42 root         INFO     MSG:   System disk: [mdisk0[m
07-21 10:42 root         INFO     DiskUtil.get_partitions('disk0')
07-21 10:42 root         INFO     DiskUtil.get_partition_info(dev='disk0s1', refresh_apfs=False)
07-21 10:42 root         DEBUG    get: diskutil ('info', '-plist', 'disk0s1')
07-21 10:42 root         DEBUG    Partition disk0s1: Partition(name='disk0s1', offset=24576, size=524288000, free=False, type='Apple_APFS_ISC', uuid='0A122F22-1ED2-485F-85D5-F7675C3F5B1C', desc=None, label=None, info={'AESHardware': True, 'Bootable': False, 'BusProtocol': 'Apple Fabric', 'CanBeMadeBootable': False, 'CanBeMadeBootableRequiresDestroy': False, 'Content': 'Apple_APFS_ISC', 'DeviceBlockSize': 4096, 'DeviceIdentifier': 'disk0s1', 'DeviceNode': '/dev/disk0s1', 'DeviceTreePath': 'IODeviceTree:/arm-io@10F00000/ans@77400000/iop-ans-nub/AppleANS3NVMeController', 'DiskUUID': '0A122F22-1ED2-485F-85D5-F7675C3F5B1C', 'Ejectable': False, 'EjectableMediaAutomaticUnderSoftwareControl': False, 'EjectableOnly': False, 'FreeSpace': 0, 'GlobalPermissionsEnabled': False, 'IOKitSize': 524288000, 'IORegistryEntryName': 'iBootSystemContainer', 'Internal': True, 'MediaName': '', 'MediaType': 'Generic', 'MountPoint': '', 'OSInternalMedia': False, 'ParentWholeDisk': 'disk0', 'PartitionMapPartition': True, 'PartitionMapPartitionOffset': 24576, 'RAIDMaster': False, 'RAIDSlice': False, 'Removable': False, 'RemovableMedia': False, 'RemovableMediaOrExternalDevice': False, 'SMARTDeviceSpecificKeysMayVaryNotGuaranteed': {'AVAILABLE_SPARE': 100, 'AVAILABLE_SPARE_THRESHOLD': 99, 'CONTROLLER_BUSY_TIME_0': 0, 'CONTROLLER_BUSY_TIME_1': 0, 'DATA_UNITS_READ_0': 286913067, 'DATA_UNITS_READ_1': 0, 'DATA_UNITS_WRITTEN_0': 165597924, 'DATA_UNITS_WRITTEN_1': 0, 'HOST_READ_COMMANDS_0': 4343900949, 'HOST_READ_COMMANDS_1': 0, 'HOST_WRITE_COMMANDS_0': 1837751252, 'HOST_WRITE_COMMANDS_1': 0, 'MEDIA_ERRORS_0': 0, 'MEDIA_ERRORS_1': 0, 'NUM_ERROR_INFO_LOG_ENTRIES_0': 0, 'NUM_ERROR_INFO_LOG_ENTRIES_1': 0, 'PERCENTAGE_USED': 5, 'POWER_CYCLES_0': 194, 'POWER_CYCLES_1': 0, 'POWER_ON_HOURS_0': 2032, 'POWER_ON_HOURS_1': 0, 'TEMPERATURE': 306, 'UNSAFE_SHUTDOWNS_0': 11, 'UNSAFE_SHUTDOWNS_1': 0}, 'SMARTStatus': 'Verified', 'Size': 524288000, 'SolidState': True, 'SupportsGlobalPermissionsDisable': False, 'SystemImage': False, 'TotalSize': 524288000, 'VolumeName': '', 'VolumeSize': 0, 'WholeDisk': False, 'Writable': True, 'WritableMedia': True, 'WritableVolume': False}, container={'APFSContainerUUID': '5E594248-3DA0-46B6-BAAD-ACD493B5B57C', 'CapacityCeiling': 524288000, 'CapacityFree': 504950784, 'ContainerReference': 'disk1', 'DesignatedPhysicalStore': 'disk0s1', 'PhysicalStores': [{'DeviceIdentifier': 'disk0s1', 'DiskUUID': '0A122F22-1ED2-485F-85D5-F7675C3F5B1C', 'Size': 524288000}], 'Volumes': [{'APFSVolumeUUID': 'EBFC59BD-E716-4332-AEED-F9B1795AFCE4', 'CapacityInUse': 6025216, 'CapacityQuota': 0, 'CapacityReserve': 0, 'CryptoMigrationOn': False, 'DeviceIdentifier': 'disk1s1', 'Encryption': False, 'FileVault': False, 'Locked': False, 'Name': 'iSCPreboot', 'Roles': ['Preboot']}, {'APFSVolumeUUID': '08832ADE-2568-42F4-A1ED-287D348DC322', 'CapacityInUse': 6311936, 'CapacityQuota': 0, 'CapacityReserve': 0, 'CryptoMigrationOn': False, 'DeviceIdentifier': 'disk1s2', 'Encryption': False, 'FileVault': False, 'Locked': False, 'Name': 'xART', 'Roles': ['xART']}, {'APFSVolumeUUID': '842E91AB-449A-4216-BC31-5796BF72EB72', 'CapacityInUse': 2023424, 'CapacityQuota': 0, 'CapacityReserve': 0, 'CryptoMigrationOn': False, 'DeviceIdentifier': 'disk1s3', 'Encryption': False, 'FileVault': False, 'Locked': False, 'Name': 'Hardware', 'Roles': ['Hardware']}, {'APFSVolumeUUID': '2F9265BA-A8BA-4517-B024-EA590EDCAC4C', 'CapacityInUse': 20480, 'CapacityQuota': 0, 'CapacityReserve': 0, 'CryptoMigrationOn': False, 'DeviceIdentifier': 'disk1s4', 'Encryption': False, 'FileVault': False, 'Locked': False, 'Name': 'Recovery', 'Roles': ['Recovery']}], 'VolumeGroups': []}, os=None)
07-21 10:42 root         INFO     DiskUtil.get_partition_info(dev='disk0s2', refresh_apfs=False)
07-21 10:42 root         DEBUG    get: diskutil ('info', '-plist', 'disk0s2')
07-21 10:42 root         DEBUG    Partition disk0s2: Partition(name='disk0s2', offset=524312576, size=185110364160, free=False, type='Apple_APFS', uuid='F37C4824-1793-4440-9F84-150D2E4AB400', desc=None, label='Macintosh HD', info={'AESHardware': True, 'APFSContainerReference': 'disk4', 'Bootable': True, 'BusProtocol': 'Apple Fabric', 'CanBeMadeBootable': False, 'CanBeMadeBootableRequiresDestroy': False, 'Content': 'Apple_APFS', 'DeviceBlockSize': 4096, 'DeviceIdentifier': 'disk0s2', 'DeviceNode': '/dev/disk0s2', 'DeviceTreePath': 'IODeviceTree:/arm-io@10F00000/ans@77400000/iop-ans-nub/AppleANS3NVMeController', 'DiskUUID': 'F37C4824-1793-4440-9F84-150D2E4AB400', 'Ejectable': False, 'EjectableMediaAutomaticUnderSoftwareControl': False, 'EjectableOnly': False, 'FreeSpace': 0, 'GlobalPermissionsEnabled': False, 'IOKitSize': 185110364160, 'IORegistryEntryName': 'Untitled 2', 'Internal': True, 'MediaName': '', 'MediaType': 'Generic', 'MountPoint': '', 'OSInternalMedia': False, 'ParentWholeDisk': 'disk0', 'PartitionMapPartition': True, 'PartitionMapPartitionOffset': 524312576, 'RAIDMaster': False, 'RAIDSlice': False, 'Removable': False, 'RemovableMedia': False, 'RemovableMediaOrExternalDevice': False, 'SMARTDeviceSpecificKeysMayVaryNotGuaranteed': {'AVAILABLE_SPARE': 100, 'AVAILABLE_SPARE_THRESHOLD': 99, 'CONTROLLER_BUSY_TIME_0': 0, 'CONTROLLER_BUSY_TIME_1': 0, 'DATA_UNITS_READ_0': 286913069, 'DATA_UNITS_READ_1': 0, 'DATA_UNITS_WRITTEN_0': 165597924, 'DATA_UNITS_WRITTEN_1': 0, 'HOST_READ_COMMANDS_0': 4343901105, 'HOST_READ_COMMANDS_1': 0, 'HOST_WRITE_COMMANDS_0': 1837751252, 'HOST_WRITE_COMMANDS_1': 0, 'MEDIA_ERRORS_0': 0, 'MEDIA_ERRORS_1': 0, 'NUM_ERROR_INFO_LOG_ENTRIES_0': 0, 'NUM_ERROR_INFO_LOG_ENTRIES_1': 0, 'PERCENTAGE_USED': 5, 'POWER_CYCLES_0': 194, 'POWER_CYCLES_1': 0, 'POWER_ON_HOURS_0': 2032, 'POWER_ON_HOURS_1': 0, 'TEMPERATURE': 306, 'UNSAFE_SHUTDOWNS_0': 11, 'UNSAFE_SHUTDOWNS_1': 0}, 'SMARTStatus': 'Verified', 'Size': 185110364160, 'SolidState': True, 'SupportsGlobalPermissionsDisable': False, 'SystemImage': False, 'TotalSize': 185110364160, 'VolumeName': '', 'VolumeSize': 0, 'WholeDisk': False, 'Writable': True, 'WritableMedia': True, 'WritableVolume': False}, container={'APFSContainerUUID': 'D1CEEC84-B2EA-4219-BFD9-8ED3567C4AF9', 'CapacityCeiling': 185110364160, 'CapacityFree': 43929403392, 'ContainerReference': 'disk4', 'DesignatedPhysicalStore': 'disk0s2', 'PhysicalStores': [{'DeviceIdentifier': 'disk0s2', 'DiskUUID': 'F37C4824-1793-4440-9F84-150D2E4AB400', 'Size': 185110364160}], 'Volumes': [{'APFSVolumeUUID': '5A1616D5-7C62-4976-9218-0E69B7A83689', 'CapacityInUse': 115898728448, 'CapacityQuota': 0, 'CapacityReserve': 0, 'CryptoMigrationOn': False, 'DeviceIdentifier': 'disk4s1', 'Encryption': True, 'FileVault': True, 'Locked': False, 'Name': 'Macintosh HD - Data', 'Roles': ['Data']}, {'APFSVolumeUUID': '1F182124-40A4-4A40-8639-BA0D3F476D49', 'CapacityInUse': 61263872, 'CapacityQuota': 0, 'CapacityReserve': 0, 'CryptoMigrationOn': False, 'DeviceIdentifier': 'disk4s2', 'Encryption': False, 'FileVault': False, 'Locked': False, 'Name': 'Update', 'Roles': ['Update']}, {'APFSVolumeUUID': '610A55C3-CAA6-408E-B2B7-8D71F1F3AC86', 'CapacityInUse': 12565168128, 'CapacityQuota': 0, 'CapacityReserve': 0, 'CryptoMigrationOn': False, 'DeviceIdentifier': 'disk4s3', 'Encryption': True, 'FileVault': True, 'Locked': False, 'Name': 'Macintosh HD', 'Roles': ['System']}, {'APFSVolumeUUID': 'D38651F3-2974-47B6-B53D-04E67876FF84', 'CapacityInUse': 9075310592, 'CapacityQuota': 0, 'CapacityReserve': 0, 'CryptoMigrationOn': False, 'DeviceIdentifier': 'disk4s4', 'Encryption': False, 'FileVault': False, 'Locked': False, 'Name': 'Preboot', 'Roles': ['Preboot']}, {'APFSVolumeUUID': 'D8FBC547-9F31-4A15-97BF-584140FA4CED', 'CapacityInUse': 1301176320, 'CapacityQuota': 0, 'CapacityReserve': 0, 'CryptoMigrationOn': False, 'DeviceIdentifier': 'disk4s5', 'Encryption': False, 'FileVault': False, 'Locked': False, 'Name': 'Recovery', 'Roles': ['Recovery']}, {'APFSVolumeUUID': '07D7615A-72BF-4745-A5B2-EC96EF7E665B', 'CapacityInUse': 2147581952, 'CapacityQuota': 0, 'CapacityReserve': 0, 'CryptoMigrationOn': False, 'DeviceIdentifier': 'disk4s6', 'Encryption': False, 'FileVault': False, 'Locked': False, 'Name': 'VM', 'Roles': ['VM']}], 'VolumeGroups': [{'APFSVolumeGroupUUID': '5A1616D5-7C62-4976-9218-0E69B7A83689', 'Volumes': [{'DeviceIdentifier': 'disk4s1', 'DiskUUID': '5A1616D5-7C62-4976-9218-0E69B7A83689', 'NoBrowseRole': False, 'Role': 'Data'}, {'DeviceIdentifier': 'disk4s3', 'DiskUUID': '610A55C3-CAA6-408E-B2B7-8D71F1F3AC86', 'NoBrowseRole': False, 'Role': 'System'}]}]}, os=None)
07-21 10:42 root         INFO     DiskUtil.get_partition_info(dev='disk0s4', refresh_apfs=False)
07-21 10:42 root         DEBUG    get: diskutil ('info', '-plist', 'disk0s4')
07-21 10:42 root         DEBUG    Partition disk0s4: Partition(name='disk0s4', offset=245631508480, size=5368664064, free=False, type='Apple_APFS_Recovery', uuid='307A0C62-CD7C-4D19-AC5C-90D98ADA4E11', desc=None, label=None, info={'AESHardware': True, 'Bootable': False, 'BusProtocol': 'Apple Fabric', 'CanBeMadeBootable': False, 'CanBeMadeBootableRequiresDestroy': False, 'Content': 'Apple_APFS_Recovery', 'DeviceBlockSize': 4096, 'DeviceIdentifier': 'disk0s4', 'DeviceNode': '/dev/disk0s4', 'DeviceTreePath': 'IODeviceTree:/arm-io@10F00000/ans@77400000/iop-ans-nub/AppleANS3NVMeController', 'DiskUUID': '307A0C62-CD7C-4D19-AC5C-90D98ADA4E11', 'Ejectable': False, 'EjectableMediaAutomaticUnderSoftwareControl': False, 'EjectableOnly': False, 'FreeSpace': 0, 'GlobalPermissionsEnabled': False, 'IOKitSize': 5368664064, 'IORegistryEntryName': 'RecoveryOSContainer', 'Internal': True, 'MediaName': '', 'MediaType': 'Generic', 'MountPoint': '', 'OSInternalMedia': False, 'ParentWholeDisk': 'disk0', 'PartitionMapPartition': True, 'PartitionMapPartitionOffset': 245631508480, 'RAIDMaster': False, 'RAIDSlice': False, 'Removable': False, 'RemovableMedia': False, 'RemovableMediaOrExternalDevice': False, 'SMARTDeviceSpecificKeysMayVaryNotGuaranteed': {'AVAILABLE_SPARE': 100, 'AVAILABLE_SPARE_THRESHOLD': 99, 'CONTROLLER_BUSY_TIME_0': 0, 'CONTROLLER_BUSY_TIME_1': 0, 'DATA_UNITS_READ_0': 286913071, 'DATA_UNITS_READ_1': 0, 'DATA_UNITS_WRITTEN_0': 165597924, 'DATA_UNITS_WRITTEN_1': 0, 'HOST_READ_COMMANDS_0': 4343901271, 'HOST_READ_COMMANDS_1': 0, 'HOST_WRITE_COMMANDS_0': 1837751252, 'HOST_WRITE_COMMANDS_1': 0, 'MEDIA_ERRORS_0': 0, 'MEDIA_ERRORS_1': 0, 'NUM_ERROR_INFO_LOG_ENTRIES_0': 0, 'NUM_ERROR_INFO_LOG_ENTRIES_1': 0, 'PERCENTAGE_USED': 5, 'POWER_CYCLES_0': 194, 'POWER_CYCLES_1': 0, 'POWER_ON_HOURS_0': 2032, 'POWER_ON_HOURS_1': 0, 'TEMPERATURE': 305, 'UNSAFE_SHUTDOWNS_0': 11, 'UNSAFE_SHUTDOWNS_1': 0}, 'SMARTStatus': 'Verified', 'Size': 5368664064, 'SolidState': True, 'SupportsGlobalPermissionsDisable': False, 'SystemImage': False, 'TotalSize': 5368664064, 'VolumeName': '', 'VolumeSize': 0, 'WholeDisk': False, 'Writable': True, 'WritableMedia': True, 'WritableVolume': False}, container={'APFSContainerUUID': 'E320760E-FB44-4A7B-B3B8-C7A568AE1F7A', 'CapacityCeiling': 5368664064, 'CapacityFree': 3270402048, 'ContainerReference': 'disk2', 'DesignatedPhysicalStore': 'disk0s4', 'PhysicalStores': [{'DeviceIdentifier': 'disk0s4', 'DiskUUID': '307A0C62-CD7C-4D19-AC5C-90D98ADA4E11', 'Size': 5368664064}], 'Volumes': [{'APFSVolumeUUID': 'B5899017-C9E6-4F89-BF51-BABF2E52DCC0', 'CapacityInUse': 2078314496, 'CapacityQuota': 0, 'CapacityReserve': 0, 'CryptoMigrationOn': False, 'DeviceIdentifier': 'disk2s1', 'Encryption': False, 'FileVault': False, 'Locked': False, 'Name': 'Recovery', 'Roles': ['Recovery']}, {'APFSVolumeUUID': 'C3DE2374-A2F8-4B2A-9AB2-63C5BEB307D2', 'CapacityInUse': 200704, 'CapacityQuota': 0, 'CapacityReserve': 0, 'CryptoMigrationOn': False, 'DeviceIdentifier': 'disk2s2', 'Encryption': False, 'FileVault': False, 'Locked': False, 'Name': 'Update', 'Roles': ['Update']}], 'VolumeGroups': []}, os=None)
07-21 10:42 root         INFO     MSG: Collecting OS information...
07-21 10:42 root         INFO     OSEnum.collect()
07-21 10:42 root         INFO     OSEnum.collect_part(part=disk0s1)
07-21 10:42 root         INFO     OSEnum.collect_part(part=disk0s2)
07-21 10:42 root         INFO     OSEnum.collect_os(part=disk0s2, vgid=5A1616D5-7C62-4976-9218-0E69B7A83689)
07-21 10:42 root         DEBUG    run: diskutil ('mount', 'disk4s4')
07-21 10:42 root         DEBUG    process output: b'Volume Preboot on disk4s4 mounted\n'
07-21 10:42 root         DEBUG    get: diskutil ('info', '-plist', 'disk4s4')
07-21 10:42 root         INFO       mounts[Preboot]: /System/Volumes/Preboot
07-21 10:42 root         DEBUG    run: diskutil ('mount', 'disk4s5')
07-21 10:42 root         DEBUG    process output: b'Volume Recovery on disk4s5 mounted\n'
07-21 10:42 root         DEBUG    get: diskutil ('info', '-plist', 'disk4s5')
07-21 10:42 root         INFO       mounts[Recovery]: /Volumes/Recovery
07-21 10:42 root         DEBUG    run: diskutil ('mount', 'disk4s3s1')
07-21 10:42 root         DEBUG    process output: b'Volume Macintosh HD on disk4s3s1 mounted\n'
07-21 10:42 root         DEBUG    get: diskutil ('info', '-plist', 'disk4s3s1')
07-21 10:42 root         INFO       mounts[System]: /
07-21 10:42 root         DEBUG    run: diskutil ('mount', 'disk4s1')
07-21 10:42 root         DEBUG    process output: b'Volume Macintosh HD - Data on disk4s1 mounted\n'
07-21 10:42 root         DEBUG    get: diskutil ('info', '-plist', 'disk4s1')
07-21 10:42 root         INFO       mounts[Data]: /System/Volumes/Data
07-21 10:42 root         INFO       Trying SystemVersion.plist...
07-21 10:42 root         INFO         Version: 26.5.2
07-21 10:42 root         INFO       Admin users: ['ryano']
07-21 10:42 root         INFO       BootPolicy[coih] = None
07-21 10:42 root         INFO       BootPolicy[nsih] = CB262E15A70624CEB48AF051D9F516A8CD86C06CC1685062C06C145FB24A243E630D4E3D15D94037839E8E3C17D027A9
07-21 10:42 root         INFO      Found [[1mMacintosh HD[m] [1;32mmacOS v26.5.2[m [disk4s3s1, 5A1616D5-7C62-4976-9218-0E69B7A83689]
07-21 10:42 root         INFO     OSEnum.collect_part(part=disk0s2)
07-21 10:42 root         INFO     OSEnum.collect_recovery(part=disk0s4)
07-21 10:42 root         INFO      Found SROS: recoveryOS v26.5.2 [Primary recoveryOS]
07-21 10:42 root         INFO     Checking resizability of disk0s2
07-21 10:42 root         INFO       Has OS
07-21 10:42 root         INFO       Min space required: 38500000000
07-21 10:42 root         INFO       Free space: 43929403392
07-21 10:42 root         INFO       Can resize
07-21 10:42 root         INFO     Checking resizability of disk0s4
07-21 10:42 root         INFO       Not APFS or system container
07-21 10:42 root         INFO     MSG: Partitions in system disk (disk0):
07-21 10:42 root         INFO     MSG:   [1m1[m: APFS [Macintosh HD] (185.11 GB, 6 volumes)[m
07-21 10:42 root         INFO     MSG:     OS: [[32mB[m[1m*[m] [[1mMacintosh HD[m] [1;32mmacOS v26.5.2[m [disk4s3s1, 5A1616D5-7C62-4976-9218-0E69B7A83689][m
07-21 10:42 root         INFO     MSG:   [1m2[m: (free space: 60.00 GB)[m
07-21 10:42 root         INFO     MSG:   [1m3[m: APFS (System Recovery) (5.37 GB, 2 volumes)[m
07-21 10:42 root         INFO     MSG:     OS: [  ] recoveryOS v26.5.2 [Primary recoveryOS]
07-21 10:42 root         INFO     MSG:   [[32mB[m ] = Booted OS, [[33mR[m ] = Booted recovery, [[31m?[m ] = Unknown[m
07-21 10:42 root         INFO     MSG:   [ [1m*[m] = Default boot volume[m
07-21 10:42 root         INFO     MSG: Using OS 'Macintosh HD' (disk4s3s1) for machine authentication.
07-21 10:42 root         INFO     Current OS: Macintosh HD / disk4s3s1
07-21 10:42 root         INFO     MSG: Choose what to do:
07-21 10:42 root         INFO     MSG:   [1mf[22m: Install an OS into free space[m
07-21 10:42 root         INFO     MSG:   [1mr[22m: Resize an existing partition to make space for a new OS[m
07-21 10:42 root         INFO     MSG:   [1mq[22m: Quit without doing anything[m
07-21 10:42 root         INFO     MSG: [1;37m»[1;36m Action (f): [m
07-21 10:42 root         INFO     INPUT: 'f'
07-21 10:42 root         INFO     MSG: Choose an OS to install:
07-21 10:42 root         INFO     MSG:   [1m1[22m: Fedora Asahi Remix 44 with KDE Plasma[m
07-21 10:42 root         INFO     MSG:   [1m2[22m: Fedora Asahi Remix 44 with GNOME[m
07-21 10:42 root         INFO     MSG:   [1m3[22m: Fedora Asahi Remix 44 Server[m
07-21 10:42 root         INFO     MSG:   [1m4[22m: Fedora Asahi Remix 44 Minimal[m
07-21 10:42 root         INFO     MSG:   [1m5[22m: UEFI environment only (m1n1 + U-Boot + ESP)[m
07-21 10:42 root         INFO     MSG: [1;37m»[1;36m OS: [m
07-21 10:45 root         INFO     INPUT: '5'
07-21 10:45 root         INFO     Chosen OS: UEFI environment only (m1n1 + U-Boot + ESP)
07-21 10:45 root         INFO     OS package URL: https://cdn.asahilinux.org/os/uefi-only-20260301-asahi-6.18.10-1.zip
07-21 10:45 root         INFO     MSG: Downloading OS package info...
07-21 10:45 root         INFO     OS package opened
07-21 10:45 root         INFO     MSG: Minimum required space for this OS: 3.00 GB
07-21 10:45 root         INFO     MSG: Available free space: 60.00 GB
07-21 10:45 root         INFO     MSG: Enter a name for your OS
07-21 10:45 root         INFO     MSG: [1;37m»[1;36m OS name (UEFI boot): [m
07-21 10:45 root         INFO     INPUT: 'Nixos'
07-21 10:45 root         INFO     New OS name: Nixos
07-21 10:45 root         INFO     MSG: Using macOS 13.5 for OS firmware
07-21 10:45 root         INFO     Chosen IPSW version: 13.5
07-21 10:45 root         INFO     IPSW URL: https://updates.cdn-apple.com/2023SummerFCS/fullrestores/032-69606/D3E05CDF-E105-434C-A4A1-4E3DC7668DD0/UniversalMac_13.5_22G74_Restore.ipsw
07-21 10:45 root         INFO     MSG: Downloading macOS OS package info...
07-21 10:45 root         INFO     OS package opened
07-21 10:45 root         INFO     MSG: Creating new stub macOS named Nixos
07-21 10:45 root         INFO     Creating stub macOS: Nixos
07-21 10:45 root         INFO     DiskUtil.addPartition(disk0s2, apfs, Nixos, 2499805184)
07-21 10:45 root         DEBUG    run: diskutil ('addPartition', 'disk0s2', 'apfs', 'Nixos', '2499805184')
07-21 10:45 root         DEBUG    process output: b'The new partition to be added will be of a filesystem personality of APFS apfs APFS 7C3457EF-0000-11AA-AA11-00306543ECAC\nThe new partition will be added following disk0s2\nStarted partitioning on disk0\nModifying partition map\nMounting disk\nFinished partitioning on disk0\n'
07-21 10:45 root         INFO     DiskUtil.get_list()
07-21 10:45 root         DEBUG    get: diskutil ('list', '-plist')
07-21 10:45 root         DEBUG      Whole disks:
07-21 10:45 root         DEBUG      - 'disk0'
07-21 10:45 root         DEBUG      - 'disk1'
07-21 10:45 root         DEBUG      - 'disk2'
07-21 10:45 root         DEBUG      - 'disk3'
07-21 10:45 root         DEBUG      - 'disk4'
07-21 10:45 root         DEBUG      All disks and partitions:
07-21 10:45 root         DEBUG      - disk0: {'Content': 'GUID_partition_scheme', 'DeviceIdentifier': 'disk0', 'OSInternal': False, 'Partitions': [{'Content': 'Apple_APFS_ISC', 'DeviceIdentifier': 'disk0s1', 'DiskUUID': '0A122F22-1ED2-485F-85D5-F7675C3F5B1C', 'Size': 524288000}, {'Content': 'Apple_APFS', 'DeviceIdentifier': 'disk0s2', 'DiskUUID': 'F37C4824-1793-4440-9F84-150D2E4AB400', 'Size': 185110364160}, {'Content': 'Apple_APFS', 'DeviceIdentifier': 'disk0s3', 'DiskUUID': '0A6B9785-FB34-4903-8F93-9479A4CECED8', 'Size': 2499805184}, {'Content': 'Apple_APFS_Recovery', 'DeviceIdentifier': 'disk0s4', 'DiskUUID': '307A0C62-CD7C-4D19-AC5C-90D98ADA4E11', 'Size': 5368664064}], 'Size': 251000193024}
07-21 10:45 root         DEBUG      - disk1: {'APFSPhysicalStores': [{'DeviceIdentifier': 'disk0s1'}], 'APFSVolumes': [{'CapacityInUse': 6025216, 'DeviceIdentifier': 'disk1s1', 'DiskUUID': 'EBFC59BD-E716-4332-AEED-F9B1795AFCE4', 'MountPoint': '/System/Volumes/iSCPreboot', 'MountedSnapshots': [], 'OSInternal': True, 'Size': 524288000, 'VolumeName': 'iSCPreboot', 'VolumeUUID': 'EBFC59BD-E716-4332-AEED-F9B1795AFCE4'}, {'CapacityInUse': 6311936, 'DeviceIdentifier': 'disk1s2', 'DiskUUID': '08832ADE-2568-42F4-A1ED-287D348DC322', 'MountPoint': '/System/Volumes/xarts', 'MountedSnapshots': [], 'OSInternal': True, 'Size': 524288000, 'VolumeName': 'xART', 'VolumeUUID': '08832ADE-2568-42F4-A1ED-287D348DC322'}, {'CapacityInUse': 2023424, 'DeviceIdentifier': 'disk1s3', 'DiskUUID': '842E91AB-449A-4216-BC31-5796BF72EB72', 'MountPoint': '/System/Volumes/Hardware', 'MountedSnapshots': [], 'OSInternal': True, 'Size': 524288000, 'VolumeName': 'Hardware', 'VolumeUUID': '842E91AB-449A-4216-BC31-5796BF72EB72'}, {'CapacityInUse': 20480, 'DeviceIdentifier': 'disk1s4', 'DiskUUID': '2F9265BA-A8BA-4517-B024-EA590EDCAC4C', 'MountedSnapshots': [], 'OSInternal': True, 'Size': 524288000, 'VolumeName': 'Recovery', 'VolumeUUID': '2F9265BA-A8BA-4517-B024-EA590EDCAC4C'}], 'Content': 'Apple_APFS_Container', 'DeviceIdentifier': 'disk1', 'OSInternal': True, 'Partitions': [], 'Size': 524288000}
07-21 10:45 root         DEBUG      - disk2: {'APFSPhysicalStores': [{'DeviceIdentifier': 'disk0s4'}], 'APFSVolumes': [{'CapacityInUse': 2078314496, 'DeviceIdentifier': 'disk2s1', 'DiskUUID': 'B5899017-C9E6-4F89-BF51-BABF2E52DCC0', 'MountedSnapshots': [], 'OSInternal': True, 'Size': 5368664064, 'VolumeName': 'Recovery', 'VolumeUUID': 'B5899017-C9E6-4F89-BF51-BABF2E52DCC0'}, {'CapacityInUse': 200704, 'DeviceIdentifier': 'disk2s2', 'DiskUUID': 'C3DE2374-A2F8-4B2A-9AB2-63C5BEB307D2', 'MountedSnapshots': [], 'OSInternal': True, 'Size': 5368664064, 'VolumeName': 'Update', 'VolumeUUID': 'C3DE2374-A2F8-4B2A-9AB2-63C5BEB307D2'}], 'Content': 'Apple_APFS_Container', 'DeviceIdentifier': 'disk2', 'OSInternal': True, 'Partitions': [], 'Size': 5368664064}
07-21 10:45 root         DEBUG      - disk3: {'APFSPhysicalStores': [{'DeviceIdentifier': 'disk0s3'}], 'APFSVolumes': [{'CapacityInUse': 786432, 'DeviceIdentifier': 'disk3s1', 'DiskUUID': '34B3D2C7-11A2-409E-B6C5-5959E69B719E', 'MountPoint': '/Volumes/Nixos', 'MountedSnapshots': [], 'OSInternal': False, 'Size': 2499805184, 'VolumeName': 'Nixos', 'VolumeUUID': '34B3D2C7-11A2-409E-B6C5-5959E69B719E'}], 'Content': 'Apple_APFS_Container', 'DeviceIdentifier': 'disk3', 'OSInternal': False, 'Partitions': [], 'Size': 2499805184}
07-21 10:45 root         DEBUG      - disk4: {'APFSPhysicalStores': [{'DeviceIdentifier': 'disk0s2'}], 'APFSVolumes': [{'CapacityInUse': 115902791680, 'DeviceIdentifier': 'disk4s1', 'DiskUUID': '5A1616D5-7C62-4976-9218-0E69B7A83689', 'MountPoint': '/System/Volumes/Data', 'MountedSnapshots': [], 'OSInternal': False, 'Size': 185110364160, 'VolumeName': 'Macintosh HD - Data', 'VolumeUUID': '5A1616D5-7C62-4976-9218-0E69B7A83689'}, {'CapacityInUse': 61263872, 'DeviceIdentifier': 'disk4s2', 'DiskUUID': '1F182124-40A4-4A40-8639-BA0D3F476D49', 'MountPoint': '/System/Volumes/Update', 'MountedSnapshots': [], 'OSInternal': True, 'Size': 185110364160, 'VolumeName': 'Update', 'VolumeUUID': '1F182124-40A4-4A40-8639-BA0D3F476D49'}, {'CapacityInUse': 12565168128, 'DeviceIdentifier': 'disk4s3', 'DiskUUID': '610A55C3-CAA6-408E-B2B7-8D71F1F3AC86', 'MountedSnapshots': [{'Sealed': 'Yes', 'SnapshotBSD': 'disk4s3s1', 'SnapshotMountPoint': '/', 'SnapshotName': 'com.apple.os.update-5B92CE4BA1034457A0921532291F4A4AD939CBE48D3A1381163A9AD3687D5694', 'SnapshotUUID': 'E6437022-6150-4A5F-945D-6AB82464A5E5'}], 'OSInternal': False, 'Size': 185110364160, 'VolumeName': 'Macintosh HD', 'VolumeUUID': '610A55C3-CAA6-408E-B2B7-8D71F1F3AC86'}, {'CapacityInUse': 12565168128, 'DeviceIdentifier': 'disk4s3s1', 'DiskUUID': 'E6437022-6150-4A5F-945D-6AB82464A5E5', 'MountPoint': '/', 'OSInternal': False, 'Size': 185110364160, 'VolumeName': 'Macintosh HD', 'VolumeUUID': 'E6437022-6150-4A5F-945D-6AB82464A5E5'}, {'CapacityInUse': 9075273728, 'DeviceIdentifier': 'disk4s4', 'DiskUUID': 'D38651F3-2974-47B6-B53D-04E67876FF84', 'MountPoint': '/System/Volumes/Preboot', 'MountedSnapshots': [], 'OSInternal': False, 'Size': 185110364160, 'VolumeName': 'Preboot', 'VolumeUUID': 'D38651F3-2974-47B6-B53D-04E67876FF84'}, {'CapacityInUse': 1301176320, 'DeviceIdentifier': 'disk4s5', 'DiskUUID': 'D8FBC547-9F31-4A15-97BF-584140FA4CED', 'MountPoint': '/Volumes/Recovery', 'MountedSnapshots': [], 'OSInternal': False, 'Size': 185110364160, 'VolumeName': 'Recovery', 'VolumeUUID': 'D8FBC547-9F31-4A15-97BF-584140FA4CED'}, {'CapacityInUse': 2147569664, 'DeviceIdentifier': 'disk4s6', 'DiskUUID': '07D7615A-72BF-4745-A5B2-EC96EF7E665B', 'MountPoint': '/System/Volumes/VM', 'MountedSnapshots': [], 'OSInternal': False, 'Size': 185110364160, 'VolumeName': 'VM', 'VolumeUUID': '07D7615A-72BF-4745-A5B2-EC96EF7E665B'}], 'Content': 'Apple_APFS_Container', 'DeviceIdentifier': 'disk4', 'OSInternal': False, 'Partitions': [], 'Size': 185110364160}
07-21 10:45 root         INFO     DiskUtil.get_partitions('disk0')
07-21 10:45 root         INFO     DiskUtil.get_partition_info(dev='disk0s1', refresh_apfs=False)
07-21 10:45 root         DEBUG    get: diskutil ('info', '-plist', 'disk0s1')
07-21 10:45 root         DEBUG    Partition disk0s1: Partition(name='disk0s1', offset=24576, size=524288000, free=False, type='Apple_APFS_ISC', uuid='0A122F22-1ED2-485F-85D5-F7675C3F5B1C', desc=None, label=None, info={'AESHardware': True, 'Bootable': False, 'BusProtocol': 'Apple Fabric', 'CanBeMadeBootable': False, 'CanBeMadeBootableRequiresDestroy': False, 'Content': 'Apple_APFS_ISC', 'DeviceBlockSize': 4096, 'DeviceIdentifier': 'disk0s1', 'DeviceNode': '/dev/disk0s1', 'DeviceTreePath': 'IODeviceTree:/arm-io@10F00000/ans@77400000/iop-ans-nub/AppleANS3NVMeController', 'DiskUUID': '0A122F22-1ED2-485F-85D5-F7675C3F5B1C', 'Ejectable': False, 'EjectableMediaAutomaticUnderSoftwareControl': False, 'EjectableOnly': False, 'FreeSpace': 0, 'GlobalPermissionsEnabled': False, 'IOKitSize': 524288000, 'IORegistryEntryName': 'iBootSystemContainer', 'Internal': True, 'MediaName': '', 'MediaType': 'Generic', 'MountPoint': '', 'OSInternalMedia': False, 'ParentWholeDisk': 'disk0', 'PartitionMapPartition': True, 'PartitionMapPartitionOffset': 24576, 'RAIDMaster': False, 'RAIDSlice': False, 'Removable': False, 'RemovableMedia': False, 'RemovableMediaOrExternalDevice': False, 'SMARTDeviceSpecificKeysMayVaryNotGuaranteed': {'AVAILABLE_SPARE': 100, 'AVAILABLE_SPARE_THRESHOLD': 99, 'CONTROLLER_BUSY_TIME_0': 0, 'CONTROLLER_BUSY_TIME_1': 0, 'DATA_UNITS_READ_0': 286913945, 'DATA_UNITS_READ_1': 0, 'DATA_UNITS_WRITTEN_0': 165598075, 'DATA_UNITS_WRITTEN_1': 0, 'HOST_READ_COMMANDS_0': 4343921028, 'HOST_READ_COMMANDS_1': 0, 'HOST_WRITE_COMMANDS_0': 1837755752, 'HOST_WRITE_COMMANDS_1': 0, 'MEDIA_ERRORS_0': 0, 'MEDIA_ERRORS_1': 0, 'NUM_ERROR_INFO_LOG_ENTRIES_0': 0, 'NUM_ERROR_INFO_LOG_ENTRIES_1': 0, 'PERCENTAGE_USED': 5, 'POWER_CYCLES_0': 194, 'POWER_CYCLES_1': 0, 'POWER_ON_HOURS_0': 2032, 'POWER_ON_HOURS_1': 0, 'TEMPERATURE': 306, 'UNSAFE_SHUTDOWNS_0': 11, 'UNSAFE_SHUTDOWNS_1': 0}, 'SMARTStatus': 'Verified', 'Size': 524288000, 'SolidState': True, 'SupportsGlobalPermissionsDisable': False, 'SystemImage': False, 'TotalSize': 524288000, 'VolumeName': '', 'VolumeSize': 0, 'WholeDisk': False, 'Writable': True, 'WritableMedia': True, 'WritableVolume': False}, container={'APFSContainerUUID': '5E594248-3DA0-46B6-BAAD-ACD493B5B57C', 'CapacityCeiling': 524288000, 'CapacityFree': 504950784, 'ContainerReference': 'disk1', 'DesignatedPhysicalStore': 'disk0s1', 'PhysicalStores': [{'DeviceIdentifier': 'disk0s1', 'DiskUUID': '0A122F22-1ED2-485F-85D5-F7675C3F5B1C', 'Size': 524288000}], 'Volumes': [{'APFSVolumeUUID': 'EBFC59BD-E716-4332-AEED-F9B1795AFCE4', 'CapacityInUse': 6025216, 'CapacityQuota': 0, 'CapacityReserve': 0, 'CryptoMigrationOn': False, 'DeviceIdentifier': 'disk1s1', 'Encryption': False, 'FileVault': False, 'Locked': False, 'Name': 'iSCPreboot', 'Roles': ['Preboot']}, {'APFSVolumeUUID': '08832ADE-2568-42F4-A1ED-287D348DC322', 'CapacityInUse': 6311936, 'CapacityQuota': 0, 'CapacityReserve': 0, 'CryptoMigrationOn': False, 'DeviceIdentifier': 'disk1s2', 'Encryption': False, 'FileVault': False, 'Locked': False, 'Name': 'xART', 'Roles': ['xART']}, {'APFSVolumeUUID': '842E91AB-449A-4216-BC31-5796BF72EB72', 'CapacityInUse': 2023424, 'CapacityQuota': 0, 'CapacityReserve': 0, 'CryptoMigrationOn': False, 'DeviceIdentifier': 'disk1s3', 'Encryption': False, 'FileVault': False, 'Locked': False, 'Name': 'Hardware', 'Roles': ['Hardware']}, {'APFSVolumeUUID': '2F9265BA-A8BA-4517-B024-EA590EDCAC4C', 'CapacityInUse': 20480, 'CapacityQuota': 0, 'CapacityReserve': 0, 'CryptoMigrationOn': False, 'DeviceIdentifier': 'disk1s4', 'Encryption': False, 'FileVault': False, 'Locked': False, 'Name': 'Recovery', 'Roles': ['Recovery']}], 'VolumeGroups': []}, os=None)
07-21 10:45 root         INFO     DiskUtil.get_partition_info(dev='disk0s2', refresh_apfs=False)
07-21 10:45 root         DEBUG    get: diskutil ('info', '-plist', 'disk0s2')
07-21 10:45 root         DEBUG    Partition disk0s2: Partition(name='disk0s2', offset=524312576, size=185110364160, free=False, type='Apple_APFS', uuid='F37C4824-1793-4440-9F84-150D2E4AB400', desc=None, label='Macintosh HD', info={'AESHardware': True, 'APFSContainerReference': 'disk4', 'Bootable': True, 'BusProtocol': 'Apple Fabric', 'CanBeMadeBootable': False, 'CanBeMadeBootableRequiresDestroy': False, 'Content': 'Apple_APFS', 'DeviceBlockSize': 4096, 'DeviceIdentifier': 'disk0s2', 'DeviceNode': '/dev/disk0s2', 'DeviceTreePath': 'IODeviceTree:/arm-io@10F00000/ans@77400000/iop-ans-nub/AppleANS3NVMeController', 'DiskUUID': 'F37C4824-1793-4440-9F84-150D2E4AB400', 'Ejectable': False, 'EjectableMediaAutomaticUnderSoftwareControl': False, 'EjectableOnly': False, 'FreeSpace': 0, 'GlobalPermissionsEnabled': False, 'IOKitSize': 185110364160, 'IORegistryEntryName': 'Untitled 2', 'Internal': True, 'MediaName': '', 'MediaType': 'Generic', 'MountPoint': '', 'OSInternalMedia': False, 'ParentWholeDisk': 'disk0', 'PartitionMapPartition': True, 'PartitionMapPartitionOffset': 524312576, 'RAIDMaster': False, 'RAIDSlice': False, 'Removable': False, 'RemovableMedia': False, 'RemovableMediaOrExternalDevice': False, 'SMARTDeviceSpecificKeysMayVaryNotGuaranteed': {'AVAILABLE_SPARE': 100, 'AVAILABLE_SPARE_THRESHOLD': 99, 'CONTROLLER_BUSY_TIME_0': 0, 'CONTROLLER_BUSY_TIME_1': 0, 'DATA_UNITS_READ_0': 286913948, 'DATA_UNITS_READ_1': 0, 'DATA_UNITS_WRITTEN_0': 165598078, 'DATA_UNITS_WRITTEN_1': 0, 'HOST_READ_COMMANDS_0': 4343921222, 'HOST_READ_COMMANDS_1': 0, 'HOST_WRITE_COMMANDS_0': 1837755955, 'HOST_WRITE_COMMANDS_1': 0, 'MEDIA_ERRORS_0': 0, 'MEDIA_ERRORS_1': 0, 'NUM_ERROR_INFO_LOG_ENTRIES_0': 0, 'NUM_ERROR_INFO_LOG_ENTRIES_1': 0, 'PERCENTAGE_USED': 5, 'POWER_CYCLES_0': 194, 'POWER_CYCLES_1': 0, 'POWER_ON_HOURS_0': 2032, 'POWER_ON_HOURS_1': 0, 'TEMPERATURE': 305, 'UNSAFE_SHUTDOWNS_0': 11, 'UNSAFE_SHUTDOWNS_1': 0}, 'SMARTStatus': 'Verified', 'Size': 185110364160, 'SolidState': True, 'SupportsGlobalPermissionsDisable': False, 'SystemImage': False, 'TotalSize': 185110364160, 'VolumeName': '', 'VolumeSize': 0, 'WholeDisk': False, 'Writable': True, 'WritableMedia': True, 'WritableVolume': False}, container={'APFSContainerUUID': 'D1CEEC84-B2EA-4219-BFD9-8ED3567C4AF9', 'CapacityCeiling': 185110364160, 'CapacityFree': 43929403392, 'ContainerReference': 'disk4', 'DesignatedPhysicalStore': 'disk0s2', 'PhysicalStores': [{'DeviceIdentifier': 'disk0s2', 'DiskUUID': 'F37C4824-1793-4440-9F84-150D2E4AB400', 'Size': 185110364160}], 'Volumes': [{'APFSVolumeUUID': '5A1616D5-7C62-4976-9218-0E69B7A83689', 'CapacityInUse': 115898728448, 'CapacityQuota': 0, 'CapacityReserve': 0, 'CryptoMigrationOn': False, 'DeviceIdentifier': 'disk4s1', 'Encryption': True, 'FileVault': True, 'Locked': False, 'Name': 'Macintosh HD - Data', 'Roles': ['Data']}, {'APFSVolumeUUID': '1F182124-40A4-4A40-8639-BA0D3F476D49', 'CapacityInUse': 61263872, 'CapacityQuota': 0, 'CapacityReserve': 0, 'CryptoMigrationOn': False, 'DeviceIdentifier': 'disk4s2', 'Encryption': False, 'FileVault': False, 'Locked': False, 'Name': 'Update', 'Roles': ['Update']}, {'APFSVolumeUUID': '610A55C3-CAA6-408E-B2B7-8D71F1F3AC86', 'CapacityInUse': 12565168128, 'CapacityQuota': 0, 'CapacityReserve': 0, 'CryptoMigrationOn': False, 'DeviceIdentifier': 'disk4s3s1', 'Encryption': True, 'FileVault': True, 'Locked': False, 'Name': 'Macintosh HD', 'Roles': ['System']}, {'APFSVolumeUUID': 'D38651F3-2974-47B6-B53D-04E67876FF84', 'CapacityInUse': 9075310592, 'CapacityQuota': 0, 'CapacityReserve': 0, 'CryptoMigrationOn': False, 'DeviceIdentifier': 'disk4s4', 'Encryption': False, 'FileVault': False, 'Locked': False, 'Name': 'Preboot', 'Roles': ['Preboot']}, {'APFSVolumeUUID': 'D8FBC547-9F31-4A15-97BF-584140FA4CED', 'CapacityInUse': 1301176320, 'CapacityQuota': 0, 'CapacityReserve': 0, 'CryptoMigrationOn': False, 'DeviceIdentifier': 'disk4s5', 'Encryption': False, 'FileVault': False, 'Locked': False, 'Name': 'Recovery', 'Roles': ['Recovery']}, {'APFSVolumeUUID': '07D7615A-72BF-4745-A5B2-EC96EF7E665B', 'CapacityInUse': 2147581952, 'CapacityQuota': 0, 'CapacityReserve': 0, 'CryptoMigrationOn': False, 'DeviceIdentifier': 'disk4s6', 'Encryption': False, 'FileVault': False, 'Locked': False, 'Name': 'VM', 'Roles': ['VM']}], 'VolumeGroups': [{'APFSVolumeGroupUUID': '5A1616D5-7C62-4976-9218-0E69B7A83689', 'Volumes': [{'DeviceIdentifier': 'disk4s1', 'DiskUUID': '5A1616D5-7C62-4976-9218-0E69B7A83689', 'NoBrowseRole': False, 'Role': 'Data'}, {'DeviceIdentifier': 'disk4s3', 'DiskUUID': '610A55C3-CAA6-408E-B2B7-8D71F1F3AC86', 'NoBrowseRole': False, 'Role': 'System'}]}]}, os=None)
07-21 10:45 root         INFO     DiskUtil.get_partition_info(dev='disk0s3', refresh_apfs=False)
07-21 10:45 root         DEBUG    get: diskutil ('info', '-plist', 'disk0s3')
07-21 10:45 root         DEBUG    Partition disk0s3: Partition(name='disk0s3', offset=185634676736, size=2499805184, free=False, type='Apple_APFS', uuid='0A6B9785-FB34-4903-8F93-9479A4CECED8', desc=None, label=None, info={'AESHardware': True, 'APFSContainerReference': 'disk3', 'Bootable': True, 'BusProtocol': 'Apple Fabric', 'CanBeMadeBootable': False, 'CanBeMadeBootableRequiresDestroy': False, 'Content': 'Apple_APFS', 'DeviceBlockSize': 4096, 'DeviceIdentifier': 'disk0s3', 'DeviceNode': '/dev/disk0s3', 'DeviceTreePath': 'IODeviceTree:/arm-io@10F00000/ans@77400000/iop-ans-nub/AppleANS3NVMeController', 'DiskUUID': '0A6B9785-FB34-4903-8F93-9479A4CECED8', 'Ejectable': False, 'EjectableMediaAutomaticUnderSoftwareControl': False, 'EjectableOnly': False, 'FreeSpace': 0, 'GlobalPermissionsEnabled': False, 'IOKitSize': 2499805184, 'IORegistryEntryName': 'Untitled 3', 'Internal': True, 'MediaName': '', 'MediaType': 'Generic', 'MountPoint': '', 'OSInternalMedia': False, 'ParentWholeDisk': 'disk0', 'PartitionMapPartition': True, 'PartitionMapPartitionOffset': 185634676736, 'RAIDMaster': False, 'RAIDSlice': False, 'Removable': False, 'RemovableMedia': False, 'RemovableMediaOrExternalDevice': False, 'SMARTDeviceSpecificKeysMayVaryNotGuaranteed': {'AVAILABLE_SPARE': 100, 'AVAILABLE_SPARE_THRESHOLD': 99, 'CONTROLLER_BUSY_TIME_0': 0, 'CONTROLLER_BUSY_TIME_1': 0, 'DATA_UNITS_READ_0': 286913950, 'DATA_UNITS_READ_1': 0, 'DATA_UNITS_WRITTEN_0': 165598078, 'DATA_UNITS_WRITTEN_1': 0, 'HOST_READ_COMMANDS_0': 4343921374, 'HOST_READ_COMMANDS_1': 0, 'HOST_WRITE_COMMANDS_0': 1837755955, 'HOST_WRITE_COMMANDS_1': 0, 'MEDIA_ERRORS_0': 0, 'MEDIA_ERRORS_1': 0, 'NUM_ERROR_INFO_LOG_ENTRIES_0': 0, 'NUM_ERROR_INFO_LOG_ENTRIES_1': 0, 'PERCENTAGE_USED': 5, 'POWER_CYCLES_0': 194, 'POWER_CYCLES_1': 0, 'POWER_ON_HOURS_0': 2032, 'POWER_ON_HOURS_1': 0, 'TEMPERATURE': 305, 'UNSAFE_SHUTDOWNS_0': 11, 'UNSAFE_SHUTDOWNS_1': 0}, 'SMARTStatus': 'Verified', 'Size': 2499805184, 'SolidState': True, 'SupportsGlobalPermissionsDisable': False, 'SystemImage': False, 'TotalSize': 2499805184, 'VolumeName': '', 'VolumeSize': 0, 'WholeDisk': False, 'Writable': True, 'WritableMedia': True, 'WritableVolume': False}, container=None, os=None)
07-21 10:45 root         INFO     DiskUtil.get_partition_info(dev='disk0s4', refresh_apfs=False)
07-21 10:45 root         DEBUG    get: diskutil ('info', '-plist', 'disk0s4')
07-21 10:45 root         DEBUG    Partition disk0s4: Partition(name='disk0s4', offset=245631508480, size=5368664064, free=False, type='Apple_APFS_Recovery', uuid='307A0C62-CD7C-4D19-AC5C-90D98ADA4E11', desc=None, label=None, info={'AESHardware': True, 'Bootable': False, 'BusProtocol': 'Apple Fabric', 'CanBeMadeBootable': False, 'CanBeMadeBootableRequiresDestroy': False, 'Content': 'Apple_APFS_Recovery', 'DeviceBlockSize': 4096, 'DeviceIdentifier': 'disk0s4', 'DeviceNode': '/dev/disk0s4', 'DeviceTreePath': 'IODeviceTree:/arm-io@10F00000/ans@77400000/iop-ans-nub/AppleANS3NVMeController', 'DiskUUID': '307A0C62-CD7C-4D19-AC5C-90D98ADA4E11', 'Ejectable': False, 'EjectableMediaAutomaticUnderSoftwareControl': False, 'EjectableOnly': False, 'FreeSpace': 0, 'GlobalPermissionsEnabled': False, 'IOKitSize': 5368664064, 'IORegistryEntryName': 'RecoveryOSContainer', 'Internal': True, 'MediaName': '', 'MediaType': 'Generic', 'MountPoint': '', 'OSInternalMedia': False, 'ParentWholeDisk': 'disk0', 'PartitionMapPartition': True, 'PartitionMapPartitionOffset': 245631508480, 'RAIDMaster': False, 'RAIDSlice': False, 'Removable': False, 'RemovableMedia': False, 'RemovableMediaOrExternalDevice': False, 'SMARTDeviceSpecificKeysMayVaryNotGuaranteed': {'AVAILABLE_SPARE': 100, 'AVAILABLE_SPARE_THRESHOLD': 99, 'CONTROLLER_BUSY_TIME_0': 0, 'CONTROLLER_BUSY_TIME_1': 0, 'DATA_UNITS_READ_0': 286913951, 'DATA_UNITS_READ_1': 0, 'DATA_UNITS_WRITTEN_0': 165598078, 'DATA_UNITS_WRITTEN_1': 0, 'HOST_READ_COMMANDS_0': 4343921537, 'HOST_READ_COMMANDS_1': 0, 'HOST_WRITE_COMMANDS_0': 1837755955, 'HOST_WRITE_COMMANDS_1': 0, 'MEDIA_ERRORS_0': 0, 'MEDIA_ERRORS_1': 0, 'NUM_ERROR_INFO_LOG_ENTRIES_0': 0, 'NUM_ERROR_INFO_LOG_ENTRIES_1': 0, 'PERCENTAGE_USED': 5, 'POWER_CYCLES_0': 194, 'POWER_CYCLES_1': 0, 'POWER_ON_HOURS_0': 2032, 'POWER_ON_HOURS_1': 0, 'TEMPERATURE': 305, 'UNSAFE_SHUTDOWNS_0': 11, 'UNSAFE_SHUTDOWNS_1': 0}, 'SMARTStatus': 'Verified', 'Size': 5368664064, 'SolidState': True, 'SupportsGlobalPermissionsDisable': False, 'SystemImage': False, 'TotalSize': 5368664064, 'VolumeName': '', 'VolumeSize': 0, 'WholeDisk': False, 'Writable': True, 'WritableMedia': True, 'WritableVolume': False}, container={'APFSContainerUUID': 'E320760E-FB44-4A7B-B3B8-C7A568AE1F7A', 'CapacityCeiling': 5368664064, 'CapacityFree': 3270402048, 'ContainerReference': 'disk2', 'DesignatedPhysicalStore': 'disk0s4', 'PhysicalStores': [{'DeviceIdentifier': 'disk0s4', 'DiskUUID': '307A0C62-CD7C-4D19-AC5C-90D98ADA4E11', 'Size': 5368664064}], 'Volumes': [{'APFSVolumeUUID': 'B5899017-C9E6-4F89-BF51-BABF2E52DCC0', 'CapacityInUse': 2078314496, 'CapacityQuota': 0, 'CapacityReserve': 0, 'CryptoMigrationOn': False, 'DeviceIdentifier': 'disk2s1', 'Encryption': False, 'FileVault': False, 'Locked': False, 'Name': 'Recovery', 'Roles': ['Recovery']}, {'APFSVolumeUUID': 'C3DE2374-A2F8-4B2A-9AB2-63C5BEB307D2', 'CapacityInUse': 200704, 'CapacityQuota': 0, 'CapacityReserve': 0, 'CryptoMigrationOn': False, 'DeviceIdentifier': 'disk2s2', 'Encryption': False, 'FileVault': False, 'Locked': False, 'Name': 'Update', 'Roles': ['Update']}], 'VolumeGroups': []}, os=None)
07-21 10:45 root         INFO     Checking #0 disk0s1...
07-21 10:45 root         INFO     Checking #1 disk0s2...
07-21 10:45 root         INFO     Found previous partition disk0s2...
07-21 10:45 root         INFO     DiskUtil.get_partition_info(dev='disk0s3', refresh_apfs=True)
07-21 10:45 root         DEBUG    get: diskutil ('info', '-plist', 'disk0s3')
07-21 10:45 root         INFO     DiskUtil.get_apfs_list(dev='disk3')
07-21 10:45 root         DEBUG    get: diskutil ('apfs', 'list', 'disk3', '-plist')
07-21 10:45 root         DEBUG    get: diskutil ('apfs', 'listVolumeGroups', 'disk3', '-plist')
07-21 10:45 root         DEBUG    container: {'APFSContainerUUID': 'EE3E46F0-18B4-4B3F-9CA1-4882A0345421', 'CapacityCeiling': 2499805184, 'CapacityFree': 2488913920, 'ContainerReference': 'disk3', 'DesignatedPhysicalStore': 'disk0s3', 'PhysicalStores': [{'DeviceIdentifier': 'disk0s3', 'DiskUUID': '0A6B9785-FB34-4903-8F93-9479A4CECED8', 'Size': 2499805184}], 'Volumes': [{'APFSVolumeUUID': '34B3D2C7-11A2-409E-B6C5-5959E69B719E', 'CapacityInUse': 720896, 'CapacityQuota': 0, 'CapacityReserve': 0, 'CryptoMigrationOn': False, 'DeviceIdentifier': 'disk3s1', 'Encryption': True, 'FileVault': False, 'Locked': False, 'Name': 'Nixos', 'Roles': []}]}
07-21 10:45 root         DEBUG      VGs: {'Containers': [{'APFSContainerUUID': 'EE3E46F0-18B4-4B3F-9CA1-4882A0345421', 'ContainerReference': 'disk3', 'VolumeGroups': []}]}
07-21 10:45 root         DEBUG    Partition disk0s3: Partition(name='disk0s3', offset=185634676736, size=2499805184, free=False, type='Apple_APFS', uuid='0A6B9785-FB34-4903-8F93-9479A4CECED8', desc=None, label='Nixos', info={'AESHardware': True, 'APFSContainerReference': 'disk3', 'Bootable': True, 'BusProtocol': 'Apple Fabric', 'CanBeMadeBootable': False, 'CanBeMadeBootableRequiresDestroy': False, 'Content': 'Apple_APFS', 'DeviceBlockSize': 4096, 'DeviceIdentifier': 'disk0s3', 'DeviceNode': '/dev/disk0s3', 'DeviceTreePath': 'IODeviceTree:/arm-io@10F00000/ans@77400000/iop-ans-nub/AppleANS3NVMeController', 'DiskUUID': '0A6B9785-FB34-4903-8F93-9479A4CECED8', 'Ejectable': False, 'EjectableMediaAutomaticUnderSoftwareControl': False, 'EjectableOnly': False, 'FreeSpace': 0, 'GlobalPermissionsEnabled': False, 'IOKitSize': 2499805184, 'IORegistryEntryName': 'Untitled 3', 'Internal': True, 'MediaName': '', 'MediaType': 'Generic', 'MountPoint': '', 'OSInternalMedia': False, 'ParentWholeDisk': 'disk0', 'PartitionMapPartition': True, 'PartitionMapPartitionOffset': 185634676736, 'RAIDMaster': False, 'RAIDSlice': False, 'Removable': False, 'RemovableMedia': False, 'RemovableMediaOrExternalDevice': False, 'SMARTDeviceSpecificKeysMayVaryNotGuaranteed': {'AVAILABLE_SPARE': 100, 'AVAILABLE_SPARE_THRESHOLD': 99, 'CONTROLLER_BUSY_TIME_0': 0, 'CONTROLLER_BUSY_TIME_1': 0, 'DATA_UNITS_READ_0': 286913953, 'DATA_UNITS_READ_1': 0, 'DATA_UNITS_WRITTEN_0': 165598078, 'DATA_UNITS_WRITTEN_1': 0, 'HOST_READ_COMMANDS_0': 4343921689, 'HOST_READ_COMMANDS_1': 0, 'HOST_WRITE_COMMANDS_0': 1837755955, 'HOST_WRITE_COMMANDS_1': 0, 'MEDIA_ERRORS_0': 0, 'MEDIA_ERRORS_1': 0, 'NUM_ERROR_INFO_LOG_ENTRIES_0': 0, 'NUM_ERROR_INFO_LOG_ENTRIES_1': 0, 'PERCENTAGE_USED': 5, 'POWER_CYCLES_0': 194, 'POWER_CYCLES_1': 0, 'POWER_ON_HOURS_0': 2032, 'POWER_ON_HOURS_1': 0, 'TEMPERATURE': 305, 'UNSAFE_SHUTDOWNS_0': 11, 'UNSAFE_SHUTDOWNS_1': 0}, 'SMARTStatus': 'Verified', 'Size': 2499805184, 'SolidState': True, 'SupportsGlobalPermissionsDisable': False, 'SystemImage': False, 'TotalSize': 2499805184, 'VolumeName': '', 'VolumeSize': 0, 'WholeDisk': False, 'Writable': True, 'WritableMedia': True, 'WritableVolume': False}, container={'APFSContainerUUID': 'EE3E46F0-18B4-4B3F-9CA1-4882A0345421', 'CapacityCeiling': 2499805184, 'CapacityFree': 2488913920, 'ContainerReference': 'disk3', 'DesignatedPhysicalStore': 'disk0s3', 'PhysicalStores': [{'DeviceIdentifier': 'disk0s3', 'DiskUUID': '0A6B9785-FB34-4903-8F93-9479A4CECED8', 'Size': 2499805184}], 'Volumes': [{'APFSVolumeUUID': '34B3D2C7-11A2-409E-B6C5-5959E69B719E', 'CapacityInUse': 720896, 'CapacityQuota': 0, 'CapacityReserve': 0, 'CryptoMigrationOn': False, 'DeviceIdentifier': 'disk3s1', 'Encryption': True, 'FileVault': False, 'Locked': False, 'Name': 'Nixos', 'Roles': []}], 'VolumeGroups': []}, os=None)
07-21 10:45 root         INFO     New partition: Partition(name='disk0s3', offset=185634676736, size=2499805184, free=False, type='Apple_APFS', uuid='0A6B9785-FB34-4903-8F93-9479A4CECED8', desc=None, label='Nixos', info={'AESHardware': True, 'APFSContainerReference': 'disk3', 'Bootable': True, 'BusProtocol': 'Apple Fabric', 'CanBeMadeBootable': False, 'CanBeMadeBootableRequiresDestroy': False, 'Content': 'Apple_APFS', 'DeviceBlockSize': 4096, 'DeviceIdentifier': 'disk0s3', 'DeviceNode': '/dev/disk0s3', 'DeviceTreePath': 'IODeviceTree:/arm-io@10F00000/ans@77400000/iop-ans-nub/AppleANS3NVMeController', 'DiskUUID': '0A6B9785-FB34-4903-8F93-9479A4CECED8', 'Ejectable': False, 'EjectableMediaAutomaticUnderSoftwareControl': False, 'EjectableOnly': False, 'FreeSpace': 0, 'GlobalPermissionsEnabled': False, 'IOKitSize': 2499805184, 'IORegistryEntryName': 'Untitled 3', 'Internal': True, 'MediaName': '', 'MediaType': 'Generic', 'MountPoint': '', 'OSInternalMedia': False, 'ParentWholeDisk': 'disk0', 'PartitionMapPartition': True, 'PartitionMapPartitionOffset': 185634676736, 'RAIDMaster': False, 'RAIDSlice': False, 'Removable': False, 'RemovableMedia': False, 'RemovableMediaOrExternalDevice': False, 'SMARTDeviceSpecificKeysMayVaryNotGuaranteed': {'AVAILABLE_SPARE': 100, 'AVAILABLE_SPARE_THRESHOLD': 99, 'CONTROLLER_BUSY_TIME_0': 0, 'CONTROLLER_BUSY_TIME_1': 0, 'DATA_UNITS_READ_0': 286913953, 'DATA_UNITS_READ_1': 0, 'DATA_UNITS_WRITTEN_0': 165598078, 'DATA_UNITS_WRITTEN_1': 0, 'HOST_READ_COMMANDS_0': 4343921689, 'HOST_READ_COMMANDS_1': 0, 'HOST_WRITE_COMMANDS_0': 1837755955, 'HOST_WRITE_COMMANDS_1': 0, 'MEDIA_ERRORS_0': 0, 'MEDIA_ERRORS_1': 0, 'NUM_ERROR_INFO_LOG_ENTRIES_0': 0, 'NUM_ERROR_INFO_LOG_ENTRIES_1': 0, 'PERCENTAGE_USED': 5, 'POWER_CYCLES_0': 194, 'POWER_CYCLES_1': 0, 'POWER_ON_HOURS_0': 2032, 'POWER_ON_HOURS_1': 0, 'TEMPERATURE': 305, 'UNSAFE_SHUTDOWNS_0': 11, 'UNSAFE_SHUTDOWNS_1': 0}, 'SMARTStatus': 'Verified', 'Size': 2499805184, 'SolidState': True, 'SupportsGlobalPermissionsDisable': False, 'SystemImage': False, 'TotalSize': 2499805184, 'VolumeName': '', 'VolumeSize': 0, 'WholeDisk': False, 'Writable': True, 'WritableMedia': True, 'WritableVolume': False}, container={'APFSContainerUUID': 'EE3E46F0-18B4-4B3F-9CA1-4882A0345421', 'CapacityCeiling': 2499805184, 'CapacityFree': 2488913920, 'ContainerReference': 'disk3', 'DesignatedPhysicalStore': 'disk0s3', 'PhysicalStores': [{'DeviceIdentifier': 'disk0s3', 'DiskUUID': '0A6B9785-FB34-4903-8F93-9479A4CECED8', 'Size': 2499805184}], 'Volumes': [{'APFSVolumeUUID': '34B3D2C7-11A2-409E-B6C5-5959E69B719E', 'CapacityInUse': 720896, 'CapacityQuota': 0, 'CapacityReserve': 0, 'CryptoMigrationOn': False, 'DeviceIdentifier': 'disk3s1', 'Encryption': True, 'FileVault': False, 'Locked': False, 'Name': 'Nixos', 'Roles': []}], 'VolumeGroups': []}, os=None)
07-21 10:45 root         INFO     MSG: Installing stub macOS into disk0s3 (Nixos)
07-21 10:45 root         INFO     StubInstaller.prepare_volume(part.name='disk0s3')
07-21 10:45 root         INFO     MSG: Preparing target volumes...
07-21 10:45 root         INFO      disk3s1 roles: ()
07-21 10:45 root         DEBUG    run: diskutil ('apfs', 'changeVolumeRole', 'disk3s1', 'D')
07-21 10:45 root         DEBUG    process output: b''
07-21 10:45 root         DEBUG    run: diskutil ('rename', 'disk3s1', 'Nixos - Data')
07-21 10:45 root         DEBUG    process output: b'Volume on disk3s1 renamed to Nixos - Data\n'
07-21 10:45 root         INFO     DiskUtil.refresh_part(part.name='disk0s3')
07-21 10:45 root         INFO     DiskUtil.get_apfs_list(dev='disk3')
07-21 10:45 root         DEBUG    get: diskutil ('apfs', 'list', 'disk3', '-plist')
07-21 10:45 root         DEBUG    get: diskutil ('apfs', 'listVolumeGroups', 'disk3', '-plist')
07-21 10:45 root         DEBUG    container: {'APFSContainerUUID': 'EE3E46F0-18B4-4B3F-9CA1-4882A0345421', 'CapacityCeiling': 2499805184, 'CapacityFree': 2488901632, 'ContainerReference': 'disk3', 'DesignatedPhysicalStore': 'disk0s3', 'PhysicalStores': [{'DeviceIdentifier': 'disk0s3', 'DiskUUID': '0A6B9785-FB34-4903-8F93-9479A4CECED8', 'Size': 2499805184}], 'Volumes': [{'APFSVolumeUUID': '34B3D2C7-11A2-409E-B6C5-5959E69B719E', 'CapacityInUse': 733184, 'CapacityQuota': 0, 'CapacityReserve': 0, 'CryptoMigrationOn': False, 'DeviceIdentifier': 'disk3s1', 'Encryption': True, 'FileVault': False, 'Locked': False, 'Name': 'Nixos - Data', 'Roles': ['Data']}]}
07-21 10:45 root         DEBUG      VGs: {'Containers': [{'APFSContainerUUID': 'EE3E46F0-18B4-4B3F-9CA1-4882A0345421', 'ContainerReference': 'disk3', 'VolumeGroups': []}]}
07-21 10:45 root         DEBUG    run: diskutil ('apfs', 'addVolume', 'disk3', 'apfs', 'Nixos', '-role', 'S', '-groupWith', 'disk3s1')
07-21 10:45 root         DEBUG    process output: b'Will export new APFS Volume "Nixos" from APFS Container Reference disk3\nStarted APFS operation on disk3\nPreparing to add APFS Volume to APFS Container disk3\nCreating APFS Volume\nCreated new APFS Volume disk3s2\nMounting APFS Volume\nSetting volume permissions\nDisk from APFS operation: disk3s2\nFinished APFS operation on disk3\n'
07-21 10:45 root         DEBUG    run: diskutil ('apfs', 'addVolume', 'disk3', 'apfs', 'Preboot', '-role', 'B')
07-21 10:45 root         DEBUG    process output: b'Will export new APFS Volume "Preboot" from APFS Container Reference disk3\nStarted APFS operation on disk3\nPreparing to add APFS Volume to APFS Container disk3\nCreating APFS Volume\nCreated new APFS Volume disk3s3\nMounting APFS Volume\nSetting volume permissions\nDisk from APFS operation: disk3s3\nFinished APFS operation on disk3\n'
07-21 10:45 root         DEBUG    run: diskutil ('apfs', 'addVolume', 'disk3', 'apfs', 'Recovery', '-role', 'R')
07-21 10:45 root         DEBUG    process output: b'Will export new APFS Volume "Recovery" from APFS Container Reference disk3\nStarted APFS operation on disk3\nPreparing to add APFS Volume to APFS Container disk3\nCreating APFS Volume\nCreated new APFS Volume disk3s4\nMounting APFS Volume\nSetting volume permissions\nDisk from APFS operation: disk3s4\nFinished APFS operation on disk3\n'
07-21 10:45 root         INFO     DiskUtil.refresh_part(part.name='disk0s3')
07-21 10:45 root         INFO     DiskUtil.get_apfs_list(dev='disk3')
07-21 10:45 root         DEBUG    get: diskutil ('apfs', 'list', 'disk3', '-plist')
07-21 10:45 root         DEBUG    get: diskutil ('apfs', 'listVolumeGroups', 'disk3', '-plist')
07-21 10:45 root         DEBUG    container: {'APFSContainerUUID': 'EE3E46F0-18B4-4B3F-9CA1-4882A0345421', 'CapacityCeiling': 2499805184, 'CapacityFree': 2488836096, 'ContainerReference': 'disk3', 'DesignatedPhysicalStore': 'disk0s3', 'PhysicalStores': [{'DeviceIdentifier': 'disk0s3', 'DiskUUID': '0A6B9785-FB34-4903-8F93-9479A4CECED8', 'Size': 2499805184}], 'Volumes': [{'APFSVolumeUUID': '34B3D2C7-11A2-409E-B6C5-5959E69B719E', 'CapacityInUse': 716800, 'CapacityQuota': 0, 'CapacityReserve': 0, 'CryptoMigrationOn': False, 'DeviceIdentifier': 'disk3s1', 'Encryption': True, 'FileVault': False, 'Locked': False, 'Name': 'Nixos - Data', 'Roles': ['Data']}, {'APFSVolumeUUID': 'AACDAC48-B42D-49CB-802A-E30A72959354', 'CapacityInUse': 24576, 'CapacityQuota': 0, 'CapacityReserve': 0, 'CryptoMigrationOn': False, 'DeviceIdentifier': 'disk3s2', 'Encryption': True, 'FileVault': False, 'Locked': False, 'Name': 'Nixos', 'Roles': ['System']}, {'APFSVolumeUUID': 'EA125034-025D-4903-873B-5199EC64CF02', 'CapacityInUse': 20480, 'CapacityQuota': 0, 'CapacityReserve': 0, 'CryptoMigrationOn': False, 'DeviceIdentifier': 'disk3s3', 'Encryption': False, 'FileVault': False, 'Locked': False, 'Name': 'Preboot', 'Roles': ['Preboot']}, {'APFSVolumeUUID': '7D63195F-565C-4E19-AACA-A498BB139E4A', 'CapacityInUse': 24576, 'CapacityQuota': 0, 'CapacityReserve': 0, 'CryptoMigrationOn': False, 'DeviceIdentifier': 'disk3s4', 'Encryption': False, 'FileVault': False, 'Locked': False, 'Name': 'Recovery', 'Roles': ['Recovery']}]}
07-21 10:45 root         DEBUG      VGs: {'Containers': [{'APFSContainerUUID': 'EE3E46F0-18B4-4B3F-9CA1-4882A0345421', 'ContainerReference': 'disk3', 'VolumeGroups': [{'APFSVolumeGroupUUID': '34B3D2C7-11A2-409E-B6C5-5959E69B719E', 'Volumes': [{'DeviceIdentifier': 'disk3s1', 'DiskUUID': '34B3D2C7-11A2-409E-B6C5-5959E69B719E', 'NoBrowseRole': False, 'Role': 'Data'}, {'DeviceIdentifier': 'disk3s2', 'DiskUUID': 'AACDAC48-B42D-49CB-802A-E30A72959354', 'NoBrowseRole': False, 'Role': 'System'}]}]}]}
07-21 10:45 root         INFO     StubInstaller.check_volume(self.part.name='disk0s3')
07-21 10:45 root         INFO     MSG: Checking volumes...
07-21 10:45 root         INFO     OSEnum.collect_part(part=disk0s3)
07-21 10:45 root         INFO     OSEnum.collect_os(part=disk0s3, vgid=34B3D2C7-11A2-409E-B6C5-5959E69B719E)
07-21 10:45 root         DEBUG    run: diskutil ('mount', 'disk3s3')
07-21 10:45 root         DEBUG    process output: b'Volume Preboot on disk3s3 mounted\n'
07-21 10:45 root         DEBUG    get: diskutil ('info', '-plist', 'disk3s3')
07-21 10:45 root         INFO       mounts[Preboot]: /Volumes/Preboot
07-21 10:45 root         DEBUG    run: diskutil ('mount', 'disk3s4')
07-21 10:45 root         DEBUG    process output: b'Volume Recovery on disk3s4 mounted\n'
07-21 10:45 root         DEBUG    get: diskutil ('info', '-plist', 'disk3s4')
07-21 10:45 root         INFO       mounts[Recovery]: /Volumes/Recovery 1
07-21 10:45 root         DEBUG    run: diskutil ('mount', 'disk3s2')
07-21 10:45 root         DEBUG    process output: b'Volume Nixos on disk3s2 mounted\n'
07-21 10:45 root         DEBUG    get: diskutil ('info', '-plist', 'disk3s2')
07-21 10:45 root         INFO       mounts[System]: /Volumes/Nixos
07-21 10:45 root         DEBUG    run: diskutil ('mount', 'disk3s1')
07-21 10:45 root         DEBUG    process output: b'Volume Nixos - Data on disk3s1 mounted\n'
07-21 10:45 root         DEBUG    get: diskutil ('info', '-plist', 'disk3s1')
07-21 10:45 root         INFO       mounts[Data]: /Volumes/Nixos - Data
07-21 10:45 root         INFO       Trying SystemVersion.plist...
07-21 10:45 root         INFO         Not Found
07-21 10:45 root         INFO       Trying SystemVersion-disabled.plist...
07-21 10:45 root         INFO         Not Found
07-21 10:45 root         WARNING    Failed to get AdminUserRecoveryInfo.plist
07-21 10:45 root         WARNING    bputil failed
07-21 10:45 root         INFO      Found [[1mNixos[m] [1;31mincomplete install[m (macOS None stub) [disk3s2, 34B3D2C7-11A2-409E-B6C5-5959E69B719E]
07-21 10:45 root         INFO     StubInstaller.install_files()
07-21 10:45 root         INFO     VGID: 34B3D2C7-11A2-409E-B6C5-5959E69B719E
07-21 10:45 root         INFO     OS info: [[1mNixos[m] [1;31mincomplete install[m (macOS None stub) [disk3s2, 34B3D2C7-11A2-409E-B6C5-5959E69B719E]
07-21 10:45 root         INFO     MSG: Beginning stub OS install...
07-21 10:45 root         INFO     Parsing metadata...
07-21 10:45 root         INFO     Using OS build 22G74 for j293ap
07-21 10:45 root         INFO     MSG: Setting up System volume...
07-21 10:45 root         INFO     Setting up System volume
07-21 10:45 root         INFO       usr/standalone/bootcaches.plist -> /Volumes/Nixos/usr/standalone/bootcaches.plist
07-21 10:45 root         INFO       usr/standalone/bootcaches.plist -> /Volumes/Nixos/usr/standalone/bootcaches.plist
07-21 10:45 root         INFO       PlatformSupport.plist -> /Volumes/Nixos/System/Library/CoreServices/PlatformSupport.plist
07-21 10:45 root         INFO       PlatformSupport.plist -> /Volumes/Nixos/System/Library/CoreServices/PlatformSupport.plist
07-21 10:45 root         INFO     xattr -wx com.apple.FinderInfo .... /Volumes/Nixos
07-21 10:45 root         INFO     MSG: Setting up Data volume...
07-21 10:45 root         INFO     Setting up Data volume
07-21 10:45 root         INFO     MSG: Setting up Preboot volume...
07-21 10:45 root         INFO     Setting up Preboot volume
07-21 10:45 root         INFO       SystemVersion.plist -> /Volumes/Preboot/34B3D2C7-11A2-409E-B6C5-5959E69B719E/./Restore/SystemVersion.plist
07-21 10:45 root         INFO       SystemVersion.plist -> /Volumes/Preboot/34B3D2C7-11A2-409E-B6C5-5959E69B719E/./Restore/SystemVersion.plist
07-21 10:45 root         INFO       RestoreVersion.plist -> /Volumes/Preboot/34B3D2C7-11A2-409E-B6C5-5959E69B719E/./Restore/RestoreVersion.plist
07-21 10:45 root         INFO       RestoreVersion.plist -> /Volumes/Preboot/34B3D2C7-11A2-409E-B6C5-5959E69B719E/./Restore/RestoreVersion.plist
07-21 10:45 root         INFO       usr/standalone/bootcaches.plist -> /Volumes/Preboot/34B3D2C7-11A2-409E-B6C5-5959E69B719E/./Restore/usr/standalone/bootcaches.plist
07-21 10:45 root         INFO       usr/standalone/bootcaches.plist -> /Volumes/Preboot/34B3D2C7-11A2-409E-B6C5-5959E69B719E/./Restore/usr/standalone/bootcaches.plist
07-21 10:45 root         INFO       BootabilityBundle/Restore/Bootability/* -> /Volumes/Preboot/34B3D2C7-11A2-409E-B6C5-5959E69B719E/./Restore/Bootability
07-21 10:45 root         INFO       BootabilityBundle/Restore/Bootability/BootabilityBrain.framework/Versions/A/BootabilityBrain -> /Volumes/Preboot/34B3D2C7-11A2-409E-B6C5-5959E69B719E/./Restore/Bootability/BootabilityBrain.framework/Versions/A/BootabilityBrain
07-21 10:45 root         INFO       BootabilityBundle/Restore/Bootability/BootabilityBrain.framework/Versions/A/BootabilityBrain -> /Volumes/Preboot/34B3D2C7-11A2-409E-B6C5-5959E69B719E/./Restore/Bootability/BootabilityBrain.framework/Versions/A/BootabilityBrain
07-21 10:45 root         INFO       BootabilityBundle/Restore/Bootability/BootabilityBrain.framework/Versions/A/Resources/BYError.strings -> /Volumes/Preboot/34B3D2C7-11A2-409E-B6C5-5959E69B719E/./Restore/Bootability/BootabilityBrain.framework/Versions/A/Resources/BYError.strings
07-21 10:45 root         INFO       BootabilityBundle/Restore/Bootability/BootabilityBrain.framework/Versions/A/Resources/BYError.strings -> /Volumes/Preboot/34B3D2C7-11A2-409E-B6C5-5959E69B719E/./Restore/Bootability/BootabilityBrain.framework/Versions/A/Resources/BYError.strings
07-21 10:45 root         INFO       BootabilityBundle/Restore/Bootability/BootabilityBrain.framework/Versions/A/Resources/Info.plist -> /Volumes/Preboot/34B3D2C7-11A2-409E-B6C5-5959E69B719E/./Restore/Bootability/BootabilityBrain.framework/Versions/A/Resources/Info.plist
07-21 10:45 root         INFO       BootabilityBundle/Restore/Bootability/BootabilityBrain.framework/Versions/A/Resources/Info.plist -> /Volumes/Preboot/34B3D2C7-11A2-409E-B6C5-5959E69B719E/./Restore/Bootability/BootabilityBrain.framework/Versions/A/Resources/Info.plist
07-21 10:45 root         INFO       BootabilityBundle/Restore/Bootability/BootabilityBrain.framework/Versions/A/Resources/version.plist -> /Volumes/Preboot/34B3D2C7-11A2-409E-B6C5-5959E69B719E/./Restore/Bootability/BootabilityBrain.framework/Versions/A/Resources/version.plist
07-21 10:45 root         INFO       BootabilityBundle/Restore/Bootability/BootabilityBrain.framework/Versions/A/Resources/version.plist -> /Volumes/Preboot/34B3D2C7-11A2-409E-B6C5-5959E69B719E/./Restore/Bootability/BootabilityBrain.framework/Versions/A/Resources/version.plist
07-21 10:45 root         INFO       BootabilityBundle/Restore/Bootability/BootabilityBrain.framework/Versions/A/_CodeSignature/CodeResources -> /Volumes/Preboot/34B3D2C7-11A2-409E-B6C5-5959E69B719E/./Restore/Bootability/BootabilityBrain.framework/Versions/A/_CodeSignature/CodeResources
07-21 10:45 root         INFO       BootabilityBundle/Restore/Bootability/BootabilityBrain.framework/Versions/A/_CodeSignature/CodeResources -> /Volumes/Preboot/34B3D2C7-11A2-409E-B6C5-5959E69B719E/./Restore/Bootability/BootabilityBrain.framework/Versions/A/_CodeSignature/CodeResources
07-21 10:45 root         INFO       BootabilityBundle/Restore/Bootability/System/Library/CoreServices/RestoreVersion.plist -> /Volumes/Preboot/34B3D2C7-11A2-409E-B6C5-5959E69B719E/./Restore/Bootability/System/Library/CoreServices/RestoreVersion.plist
07-21 10:45 root         INFO       BootabilityBundle/Restore/Bootability/System/Library/CoreServices/RestoreVersion.plist -> /Volumes/Preboot/34B3D2C7-11A2-409E-B6C5-5959E69B719E/./Restore/Bootability/System/Library/CoreServices/RestoreVersion.plist
07-21 10:45 root         INFO       BootabilityBundle/Restore/Firmware/Bootability.dmg.trustcache -> /Volumes/Preboot/34B3D2C7-11A2-409E-B6C5-5959E69B719E/./Restore/Bootability/Bootability.trustcache
07-21 10:45 root         INFO       BootabilityBundle/Restore/Firmware/Bootability.dmg.trustcache -> /Volumes/Preboot/34B3D2C7-11A2-409E-B6C5-5959E69B719E/./Restore/Bootability/Bootability.trustcache
07-21 10:45 root         INFO       Firmware/Manifests/restore/macOS Customer/* -> /Volumes/Preboot/34B3D2C7-11A2-409E-B6C5-5959E69B719E/./Restore
07-21 10:45 root         INFO       Firmware/Manifests/restore/macOS Customer/apticket.j180dap.im4m -> /Volumes/Preboot/34B3D2C7-11A2-409E-B6C5-5959E69B719E/./Restore/apticket.j180dap.im4m
07-21 10:45 root         INFO       Firmware/Manifests/restore/macOS Customer/apticket.j180dap.im4m -> /Volumes/Preboot/34B3D2C7-11A2-409E-B6C5-5959E69B719E/./Restore/apticket.j180dap.im4m
07-21 10:45 root         INFO       Firmware/Manifests/restore/macOS Customer/apticket.j274ap.im4m -> /Volumes/Preboot/34B3D2C7-11A2-409E-B6C5-5959E69B719E/./Restore/apticket.j274ap.im4m
07-21 10:45 root         INFO       Firmware/Manifests/restore/macOS Customer/apticket.j274ap.im4m -> /Volumes/Preboot/34B3D2C7-11A2-409E-B6C5-5959E69B719E/./Restore/apticket.j274ap.im4m
07-21 10:45 root         INFO       Firmware/Manifests/restore/macOS Customer/apticket.j293ap.im4m -> /Volumes/Preboot/34B3D2C7-11A2-409E-B6C5-5959E69B719E/./Restore/apticket.j293ap.im4m
07-21 10:45 root         INFO       Firmware/Manifests/restore/macOS Customer/apticket.j293ap.im4m -> /Volumes/Preboot/34B3D2C7-11A2-409E-B6C5-5959E69B719E/./Restore/apticket.j293ap.im4m
07-21 10:45 root         INFO       Firmware/Manifests/restore/macOS Customer/apticket.j313ap.im4m -> /Volumes/Preboot/34B3D2C7-11A2-409E-B6C5-5959E69B719E/./Restore/apticket.j313ap.im4m
07-21 10:45 root         INFO       Firmware/Manifests/restore/macOS Customer/apticket.j313ap.im4m -> /Volumes/Preboot/34B3D2C7-11A2-409E-B6C5-5959E69B719E/./Restore/apticket.j313ap.im4m
07-21 10:45 root         INFO       Firmware/Manifests/restore/macOS Customer/apticket.j314cap.im4m -> /Volumes/Preboot/34B3D2C7-11A2-409E-B6C5-5959E69B719E/./Restore/apticket.j314cap.im4m
07-21 10:45 root         INFO       Firmware/Manifests/restore/macOS Customer/apticket.j314cap.im4m -> /Volumes/Preboot/34B3D2C7-11A2-409E-B6C5-5959E69B719E/./Restore/apticket.j314cap.im4m
07-21 10:45 root         INFO       Firmware/Manifests/restore/macOS Customer/apticket.j314sap.im4m -> /Volumes/Preboot/34B3D2C7-11A2-409E-B6C5-5959E69B719E/./Restore/apticket.j314sap.im4m
07-21 10:45 root         INFO       Firmware/Manifests/restore/macOS Customer/apticket.j314sap.im4m -> /Volumes/Preboot/34B3D2C7-11A2-409E-B6C5-5959E69B719E/./Restore/apticket.j314sap.im4m
07-21 10:45 root         INFO       Firmware/Manifests/restore/macOS Customer/apticket.j316cap.im4m -> /Volumes/Preboot/34B3D2C7-11A2-409E-B6C5-5959E69B719E/./Restore/apticket.j316cap.im4m
07-21 10:45 root         INFO       Firmware/Manifests/restore/macOS Customer/apticket.j316cap.im4m -> /Volumes/Preboot/34B3D2C7-11A2-409E-B6C5-5959E69B719E/./Restore/apticket.j316cap.im4m
07-21 10:45 root         INFO       Firmware/Manifests/restore/macOS Customer/apticket.j316sap.im4m -> /Volumes/Preboot/34B3D2C7-11A2-409E-B6C5-5959E69B719E/./Restore/apticket.j316sap.im4m
07-21 10:45 root         INFO       Firmware/Manifests/restore/macOS Customer/apticket.j316sap.im4m -> /Volumes/Preboot/34B3D2C7-11A2-409E-B6C5-5959E69B719E/./Restore/apticket.j316sap.im4m
07-21 10:45 root         INFO       Firmware/Manifests/restore/macOS Customer/apticket.j375cap.im4m -> /Volumes/Preboot/34B3D2C7-11A2-409E-B6C5-5959E69B719E/./Restore/apticket.j375cap.im4m
07-21 10:45 root         INFO       Firmware/Manifests/restore/macOS Customer/apticket.j375cap.im4m -> /Volumes/Preboot/34B3D2C7-11A2-409E-B6C5-5959E69B719E/./Restore/apticket.j375cap.im4m
07-21 10:45 root         INFO       Firmware/Manifests/restore/macOS Customer/apticket.j375dap.im4m -> /Volumes/Preboot/34B3D2C7-11A2-409E-B6C5-5959E69B719E/./Restore/apticket.j375dap.im4m
07-21 10:45 root         INFO       Firmware/Manifests/restore/macOS Customer/apticket.j375dap.im4m -> /Volumes/Preboot/34B3D2C7-11A2-409E-B6C5-5959E69B719E/./Restore/apticket.j375dap.im4m
07-21 10:45 root         INFO       Firmware/Manifests/restore/macOS Customer/apticket.j413ap.im4m -> /Volumes/Preboot/34B3D2C7-11A2-409E-B6C5-5959E69B719E/./Restore/apticket.j413ap.im4m
07-21 10:45 root         INFO       Firmware/Manifests/restore/macOS Customer/apticket.j413ap.im4m -> /Volumes/Preboot/34B3D2C7-11A2-409E-B6C5-5959E69B719E/./Restore/apticket.j413ap.im4m
07-21 10:45 root         INFO       Firmware/Manifests/restore/macOS Customer/apticket.j414cap.im4m -> /Volumes/Preboot/34B3D2C7-11A2-409E-B6C5-5959E69B719E/./Restore/apticket.j414cap.im4m
07-21 10:45 root         INFO       Firmware/Manifests/restore/macOS Customer/apticket.j414cap.im4m -> /Volumes/Preboot/34B3D2C7-11A2-409E-B6C5-5959E69B719E/./Restore/apticket.j414cap.im4m
07-21 10:45 root         INFO       Firmware/Manifests/restore/macOS Customer/apticket.j414sap.im4m -> /Volumes/Preboot/34B3D2C7-11A2-409E-B6C5-5959E69B719E/./Restore/apticket.j414sap.im4m
07-21 10:45 root         INFO       Firmware/Manifests/restore/macOS Customer/apticket.j414sap.im4m -> /Volumes/Preboot/34B3D2C7-11A2-409E-B6C5-5959E69B719E/./Restore/apticket.j414sap.im4m
07-21 10:45 root         INFO       Firmware/Manifests/restore/macOS Customer/apticket.j415ap.im4m -> /Volumes/Preboot/34B3D2C7-11A2-409E-B6C5-5959E69B719E/./Restore/apticket.j415ap.im4m
07-21 10:45 root         INFO       Firmware/Manifests/restore/macOS Customer/apticket.j415ap.im4m -> /Volumes/Preboot/34B3D2C7-11A2-409E-B6C5-5959E69B719E/./Restore/apticket.j415ap.im4m
07-21 10:45 root         INFO       Firmware/Manifests/restore/macOS Customer/apticket.j416cap.im4m -> /Volumes/Preboot/34B3D2C7-11A2-409E-B6C5-5959E69B719E/./Restore/apticket.j416cap.im4m
07-21 10:45 root         INFO       Firmware/Manifests/restore/macOS Customer/apticket.j416cap.im4m -> /Volumes/Preboot/34B3D2C7-11A2-409E-B6C5-5959E69B719E/./Restore/apticket.j416cap.im4m
07-21 10:45 root         INFO       Firmware/Manifests/restore/macOS Customer/apticket.j416sap.im4m -> /Volumes/Preboot/34B3D2C7-11A2-409E-B6C5-5959E69B719E/./Restore/apticket.j416sap.im4m
07-21 10:45 root         INFO       Firmware/Manifests/restore/macOS Customer/apticket.j416sap.im4m -> /Volumes/Preboot/34B3D2C7-11A2-409E-B6C5-5959E69B719E/./Restore/apticket.j416sap.im4m
07-21 10:45 root         INFO       Firmware/Manifests/restore/macOS Customer/apticket.j456ap.im4m -> /Volumes/Preboot/34B3D2C7-11A2-409E-B6C5-5959E69B719E/./Restore/apticket.j456ap.im4m
07-21 10:45 root         INFO       Firmware/Manifests/restore/macOS Customer/apticket.j456ap.im4m -> /Volumes/Preboot/34B3D2C7-11A2-409E-B6C5-5959E69B719E/./Restore/apticket.j456ap.im4m
07-21 10:45 root         INFO       Firmware/Manifests/restore/macOS Customer/apticket.j457ap.im4m -> /Volumes/Preboot/34B3D2C7-11A2-409E-B6C5-5959E69B719E/./Restore/apticket.j457ap.im4m
07-21 10:45 root         INFO       Firmware/Manifests/restore/macOS Customer/apticket.j457ap.im4m -> /Volumes/Preboot/34B3D2C7-11A2-409E-B6C5-5959E69B719E/./Restore/apticket.j457ap.im4m
07-21 10:45 root         INFO       Firmware/Manifests/restore/macOS Customer/apticket.j473ap.im4m -> /Volumes/Preboot/34B3D2C7-11A2-409E-B6C5-5959E69B719E/./Restore/apticket.j473ap.im4m
07-21 10:45 root         INFO       Firmware/Manifests/restore/macOS Customer/apticket.j473ap.im4m -> /Volumes/Preboot/34B3D2C7-11A2-409E-B6C5-5959E69B719E/./Restore/apticket.j473ap.im4m
07-21 10:45 root         INFO       Firmware/Manifests/restore/macOS Customer/apticket.j474sap.im4m -> /Volumes/Preboot/34B3D2C7-11A2-409E-B6C5-5959E69B719E/./Restore/apticket.j474sap.im4m
07-21 10:45 root         INFO       Firmware/Manifests/restore/macOS Customer/apticket.j474sap.im4m -> /Volumes/Preboot/34B3D2C7-11A2-409E-B6C5-5959E69B719E/./Restore/apticket.j474sap.im4m
07-21 10:45 root         INFO       Firmware/Manifests/restore/macOS Customer/apticket.j475cap.im4m -> /Volumes/Preboot/34B3D2C7-11A2-409E-B6C5-5959E69B719E/./Restore/apticket.j475cap.im4m
07-21 10:45 root         INFO       Firmware/Manifests/restore/macOS Customer/apticket.j475cap.im4m -> /Volumes/Preboot/34B3D2C7-11A2-409E-B6C5-5959E69B719E/./Restore/apticket.j475cap.im4m
07-21 10:45 root         INFO       Firmware/Manifests/restore/macOS Customer/apticket.j475dap.im4m -> /Volumes/Preboot/34B3D2C7-11A2-409E-B6C5-5959E69B719E/./Restore/apticket.j475dap.im4m
07-21 10:45 root         INFO       Firmware/Manifests/restore/macOS Customer/apticket.j475dap.im4m -> /Volumes/Preboot/34B3D2C7-11A2-409E-B6C5-5959E69B719E/./Restore/apticket.j475dap.im4m
07-21 10:45 root         INFO       Firmware/Manifests/restore/macOS Customer/apticket.j493ap.im4m -> /Volumes/Preboot/34B3D2C7-11A2-409E-B6C5-5959E69B719E/./Restore/apticket.j493ap.im4m
07-21 10:45 root         INFO       Firmware/Manifests/restore/macOS Customer/apticket.j493ap.im4m -> /Volumes/Preboot/34B3D2C7-11A2-409E-B6C5-5959E69B719E/./Restore/apticket.j493ap.im4m
07-21 10:45 root         INFO       Firmware/Manifests/restore/macOS Customer/apticket.vma2macosap.im4m -> /Volumes/Preboot/34B3D2C7-11A2-409E-B6C5-5959E69B719E/./Restore/apticket.vma2macosap.im4m
07-21 10:45 root         INFO       Firmware/Manifests/restore/macOS Customer/apticket.vma2macosap.im4m -> /Volumes/Preboot/34B3D2C7-11A2-409E-B6C5-5959E69B719E/./Restore/apticket.vma2macosap.im4m
07-21 10:45 root         INFO       Firmware/ane/h13_ane_fw_styx_j5x.im4p -> /Volumes/Preboot/34B3D2C7-11A2-409E-B6C5-5959E69B719E/./Restore/Firmware/ane/h13_ane_fw_styx_j5x.im4p
07-21 10:45 root         INFO       Firmware/ane/h13_ane_fw_styx_j5x.im4p -> /Volumes/Preboot/34B3D2C7-11A2-409E-B6C5-5959E69B719E/./Restore/Firmware/ane/h13_ane_fw_styx_j5x.im4p
07-21 10:45 root         INFO       Firmware/AOP/aopfw-mac13gaop.im4p -> /Volumes/Preboot/34B3D2C7-11A2-409E-B6C5-5959E69B719E/./Restore/Firmware/AOP/aopfw-mac13gaop.im4p
07-21 10:45 root         INFO       Firmware/AOP/aopfw-mac13gaop.im4p -> /Volumes/Preboot/34B3D2C7-11A2-409E-B6C5-5959E69B719E/./Restore/Firmware/AOP/aopfw-mac13gaop.im4p
07-21 10:45 root         INFO       Firmware/ave/AppleAVE2FW_H13G.im4p -> /Volumes/Preboot/34B3D2C7-11A2-409E-B6C5-5959E69B719E/./Restore/Firmware/ave/AppleAVE2FW_H13G.im4p
07-21 10:45 root         INFO       Firmware/ave/AppleAVE2FW_H13G.im4p -> /Volumes/Preboot/34B3D2C7-11A2-409E-B6C5-5959E69B719E/./Restore/Firmware/ave/AppleAVE2FW_H13G.im4p
07-21 10:45 root         INFO       Firmware/022-15462-082.dmg.trustcache -> /Volumes/Preboot/34B3D2C7-11A2-409E-B6C5-5959E69B719E/./Restore/Firmware/022-15462-082.dmg.trustcache
07-21 10:45 root         INFO       Firmware/022-15462-082.dmg.trustcache -> /Volumes/Preboot/34B3D2C7-11A2-409E-B6C5-5959E69B719E/./Restore/Firmware/022-15462-082.dmg.trustcache
07-21 10:45 root         INFO       Firmware/dcp/ipad13dcp.im4p -> /Volumes/Preboot/34B3D2C7-11A2-409E-B6C5-5959E69B719E/./Restore/Firmware/dcp/ipad13dcp.im4p
07-21 10:45 root         INFO       Firmware/dcp/ipad13dcp.im4p -> /Volumes/Preboot/34B3D2C7-11A2-409E-B6C5-5959E69B719E/./Restore/Firmware/dcp/ipad13dcp.im4p
07-21 10:45 root         INFO       Firmware/022-15462-082.dmg.root_hash -> /Volumes/Preboot/34B3D2C7-11A2-409E-B6C5-5959E69B719E/./Restore/Firmware/022-15462-082.dmg.root_hash
07-21 10:45 root         INFO       Firmware/022-15462-082.dmg.root_hash -> /Volumes/Preboot/34B3D2C7-11A2-409E-B6C5-5959E69B719E/./Restore/Firmware/022-15462-082.dmg.root_hash
07-21 10:45 root         INFO       Firmware/all_flash/DeviceTree.j293ap.im4p -> /Volumes/Preboot/34B3D2C7-11A2-409E-B6C5-5959E69B719E/./Restore/Firmware/all_flash/DeviceTree.j293ap.im4p
07-21 10:45 root         INFO       Firmware/all_flash/DeviceTree.j293ap.im4p -> /Volumes/Preboot/34B3D2C7-11A2-409E-B6C5-5959E69B719E/./Restore/Firmware/all_flash/DeviceTree.j293ap.im4p
07-21 10:45 root         INFO       Firmware/agx/armfw_g13g.im4p -> /Volumes/Preboot/34B3D2C7-11A2-409E-B6C5-5959E69B719E/./Restore/Firmware/agx/armfw_g13g.im4p
07-21 10:45 root         INFO       Firmware/agx/armfw_g13g.im4p -> /Volumes/Preboot/34B3D2C7-11A2-409E-B6C5-5959E69B719E/./Restore/Firmware/agx/armfw_g13g.im4p
07-21 10:45 root         INFO       Firmware/isp_bni/adc-pallas-j129.im4p -> /Volumes/Preboot/34B3D2C7-11A2-409E-B6C5-5959E69B719E/./Restore/Firmware/isp_bni/adc-pallas-j129.im4p
07-21 10:45 root         INFO       Firmware/isp_bni/adc-pallas-j129.im4p -> /Volumes/Preboot/34B3D2C7-11A2-409E-B6C5-5959E69B719E/./Restore/Firmware/isp_bni/adc-pallas-j129.im4p
07-21 10:45 root         INFO       Firmware/J293_InputDevice.im4p -> /Volumes/Preboot/34B3D2C7-11A2-409E-B6C5-5959E69B719E/./Restore/Firmware/J293_InputDevice.im4p
07-21 10:45 root         INFO       Firmware/J293_InputDevice.im4p -> /Volumes/Preboot/34B3D2C7-11A2-409E-B6C5-5959E69B719E/./Restore/Firmware/J293_InputDevice.im4p
07-21 10:45 root         INFO       kernelcache.release.mac13g -> /Volumes/Preboot/34B3D2C7-11A2-409E-B6C5-5959E69B719E/./Restore/kernelcache.release.mac13g
07-21 10:45 root         INFO       kernelcache.release.mac13g -> /Volumes/Preboot/34B3D2C7-11A2-409E-B6C5-5959E69B719E/./Restore/kernelcache.release.mac13g
07-21 10:45 root         INFO       Firmware/J293_Multitouch.im4p -> /Volumes/Preboot/34B3D2C7-11A2-409E-B6C5-5959E69B719E/./Restore/Firmware/J293_Multitouch.im4p
07-21 10:45 root         INFO       Firmware/J293_Multitouch.im4p -> /Volumes/Preboot/34B3D2C7-11A2-409E-B6C5-5959E69B719E/./Restore/Firmware/J293_Multitouch.im4p
07-21 10:45 root         INFO       Firmware/pmp/t8103pmp.im4p -> /Volumes/Preboot/34B3D2C7-11A2-409E-B6C5-5959E69B719E/./Restore/Firmware/pmp/t8103pmp.im4p
07-21 10:45 root         INFO       Firmware/pmp/t8103pmp.im4p -> /Volumes/Preboot/34B3D2C7-11A2-409E-B6C5-5959E69B719E/./Restore/Firmware/pmp/t8103pmp.im4p
07-21 10:45 root         INFO       Firmware/all_flash/applelogo@2x~mac-USBc.im4p -> /Volumes/Preboot/34B3D2C7-11A2-409E-B6C5-5959E69B719E/./Restore/Firmware/all_flash/applelogo@2x~mac-USBc.im4p
07-21 10:45 root         INFO       Firmware/all_flash/applelogo@2x~mac-USBc.im4p -> /Volumes/Preboot/34B3D2C7-11A2-409E-B6C5-5959E69B719E/./Restore/Firmware/all_flash/applelogo@2x~mac-USBc.im4p
07-21 10:45 root         INFO       Firmware/SmartIOFirmware_ASCv4.im4p -> /Volumes/Preboot/34B3D2C7-11A2-409E-B6C5-5959E69B719E/./Restore/Firmware/SmartIOFirmware_ASCv4.im4p
07-21 10:45 root         INFO       Firmware/SmartIOFirmware_ASCv4.im4p -> /Volumes/Preboot/34B3D2C7-11A2-409E-B6C5-5959E69B719E/./Restore/Firmware/SmartIOFirmware_ASCv4.im4p
07-21 10:45 root         INFO       Firmware/096-63007-081.dmg.trustcache -> /Volumes/Preboot/34B3D2C7-11A2-409E-B6C5-5959E69B719E/./Restore/Firmware/096-63007-081.dmg.trustcache
07-21 10:45 root         INFO       Firmware/096-63007-081.dmg.trustcache -> /Volumes/Preboot/34B3D2C7-11A2-409E-B6C5-5959E69B719E/./Restore/Firmware/096-63007-081.dmg.trustcache
07-21 10:45 root         INFO       Firmware/096-63007-081.dmg.root_hash -> /Volumes/Preboot/34B3D2C7-11A2-409E-B6C5-5959E69B719E/./Restore/Firmware/096-63007-081.dmg.root_hash
07-21 10:45 root         INFO       Firmware/096-63007-081.dmg.root_hash -> /Volumes/Preboot/34B3D2C7-11A2-409E-B6C5-5959E69B719E/./Restore/Firmware/096-63007-081.dmg.root_hash
07-21 10:45 root         INFO       Firmware/all_flash/iBoot.j293.RELEASE.im4p -> /Volumes/Preboot/34B3D2C7-11A2-409E-B6C5-5959E69B719E/./Restore/Firmware/all_flash/iBoot.j293.RELEASE.im4p
07-21 10:45 root         INFO       Firmware/all_flash/iBoot.j293.RELEASE.im4p -> /Volumes/Preboot/34B3D2C7-11A2-409E-B6C5-5959E69B719E/./Restore/Firmware/all_flash/iBoot.j293.RELEASE.im4p
07-21 10:45 root         INFO       Firmware/all_flash/iBootData.j293.RELEASE.im4p -> /Volumes/Preboot/34B3D2C7-11A2-409E-B6C5-5959E69B719E/./Restore/Firmware/all_flash/iBootData.j293.RELEASE.im4p
07-21 10:45 root         INFO       Firmware/all_flash/iBootData.j293.RELEASE.im4p -> /Volumes/Preboot/34B3D2C7-11A2-409E-B6C5-5959E69B719E/./Restore/Firmware/all_flash/iBootData.j293.RELEASE.im4p
07-21 10:45 root         INFO     Copying admin users
07-21 10:45 root         INFO     chflags schg /Volumes/Preboot/34B3D2C7-11A2-409E-B6C5-5959E69B719E/var/db/AdminUserRecoveryInfo.plist
07-21 10:45 root         INFO     MSG: Setting up Recovery volume...
07-21 10:45 root         INFO     Setting up Recovery volume
07-21 10:45 root         INFO     Extracting arm64eBaseSystem.dmg
07-21 10:46 root         INFO     MSG: Wrapping up...
07-21 10:46 root         INFO     Writing SystemVersion.plist
07-21 10:46 root         INFO     Copying Finish Installation.app
07-21 10:46 root         INFO     Writing step2.sh
07-21 10:46 root         INFO     Copying .IAPhysicalMedia
07-21 10:46 root         INFO     MSG: Stub OS installation complete.
07-21 10:46 root         INFO     Stub OS installed
07-21 10:46 root         INFO     OSInstaller.partition_disk({prev}=!r)
07-21 10:46 root         INFO     Adding partition: {'name': 'EFI', 'type': 'EFI', 'size': '500MB', 'format': 'fat', 'copy_firmware': True, 'copy_installer_data': True, 'source': 'esp'}
07-21 10:46 root         INFO     Partition Name: EFI - Nixos
07-21 10:46 root         INFO     MSG: Adding partition EFI (500.17 MB)...
07-21 10:46 root         INFO     DiskUtil.addPartition(disk0s3, %EFI%, %noformat%, 500170752)
07-21 10:46 root         DEBUG    run: diskutil ('addPartition', 'disk0s3', '%EFI%', '%noformat%', '500170752')
07-21 10:46 root         DEBUG    process output: b'The new partition to be added will be of a human-readable content type of EFI\nThe new partition will be added following disk0s3\nStarted partitioning on disk0\nModifying partition map\nFinished partitioning on disk0\n'
07-21 10:46 root         INFO     DiskUtil.get_list()
07-21 10:46 root         DEBUG    get: diskutil ('list', '-plist')
07-21 10:46 root         DEBUG      Whole disks:
07-21 10:46 root         DEBUG      - 'disk0'
07-21 10:46 root         DEBUG      - 'disk1'
07-21 10:46 root         DEBUG      - 'disk2'
07-21 10:46 root         DEBUG      - 'disk3'
07-21 10:46 root         DEBUG      - 'disk4'
07-21 10:46 root         DEBUG      All disks and partitions:
07-21 10:46 root         DEBUG      - disk0: {'Content': 'GUID_partition_scheme', 'DeviceIdentifier': 'disk0', 'OSInternal': False, 'Partitions': [{'Content': 'Apple_APFS_ISC', 'DeviceIdentifier': 'disk0s1', 'DiskUUID': '0A122F22-1ED2-485F-85D5-F7675C3F5B1C', 'Size': 524288000}, {'Content': 'Apple_APFS', 'DeviceIdentifier': 'disk0s2', 'DiskUUID': 'F37C4824-1793-4440-9F84-150D2E4AB400', 'Size': 185110364160}, {'Content': 'Apple_APFS', 'DeviceIdentifier': 'disk0s3', 'DiskUUID': '0A6B9785-FB34-4903-8F93-9479A4CECED8', 'Size': 2499805184}, {'Content': 'EFI', 'DeviceIdentifier': 'disk0s6', 'DiskUUID': 'F51C2700-5AAC-45C4-B709-01A44A6EFE32', 'Size': 500170752}, {'Content': 'Apple_APFS_Recovery', 'DeviceIdentifier': 'disk0s4', 'DiskUUID': '307A0C62-CD7C-4D19-AC5C-90D98ADA4E11', 'Size': 5368664064}], 'Size': 251000193024}
07-21 10:46 root         DEBUG      - disk1: {'APFSPhysicalStores': [{'DeviceIdentifier': 'disk0s1'}], 'APFSVolumes': [{'CapacityInUse': 6025216, 'DeviceIdentifier': 'disk1s1', 'DiskUUID': 'EBFC59BD-E716-4332-AEED-F9B1795AFCE4', 'MountPoint': '/System/Volumes/iSCPreboot', 'MountedSnapshots': [], 'OSInternal': True, 'Size': 524288000, 'VolumeName': 'iSCPreboot', 'VolumeUUID': 'EBFC59BD-E716-4332-AEED-F9B1795AFCE4'}, {'CapacityInUse': 6311936, 'DeviceIdentifier': 'disk1s2', 'DiskUUID': '08832ADE-2568-42F4-A1ED-287D348DC322', 'MountPoint': '/System/Volumes/xarts', 'MountedSnapshots': [], 'OSInternal': True, 'Size': 524288000, 'VolumeName': 'xART', 'VolumeUUID': '08832ADE-2568-42F4-A1ED-287D348DC322'}, {'CapacityInUse': 2023424, 'DeviceIdentifier': 'disk1s3', 'DiskUUID': '842E91AB-449A-4216-BC31-5796BF72EB72', 'MountPoint': '/System/Volumes/Hardware', 'MountedSnapshots': [], 'OSInternal': True, 'Size': 524288000, 'VolumeName': 'Hardware', 'VolumeUUID': '842E91AB-449A-4216-BC31-5796BF72EB72'}, {'CapacityInUse': 20480, 'DeviceIdentifier': 'disk1s4', 'DiskUUID': '2F9265BA-A8BA-4517-B024-EA590EDCAC4C', 'MountedSnapshots': [], 'OSInternal': True, 'Size': 524288000, 'VolumeName': 'Recovery', 'VolumeUUID': '2F9265BA-A8BA-4517-B024-EA590EDCAC4C'}], 'Content': 'Apple_APFS_Container', 'DeviceIdentifier': 'disk1', 'OSInternal': True, 'Partitions': [], 'Size': 524288000}
07-21 10:46 root         DEBUG      - disk2: {'APFSPhysicalStores': [{'DeviceIdentifier': 'disk0s4'}], 'APFSVolumes': [{'CapacityInUse': 2078314496, 'DeviceIdentifier': 'disk2s1', 'DiskUUID': 'B5899017-C9E6-4F89-BF51-BABF2E52DCC0', 'MountedSnapshots': [], 'OSInternal': True, 'Size': 5368664064, 'VolumeName': 'Recovery', 'VolumeUUID': 'B5899017-C9E6-4F89-BF51-BABF2E52DCC0'}, {'CapacityInUse': 200704, 'DeviceIdentifier': 'disk2s2', 'DiskUUID': 'C3DE2374-A2F8-4B2A-9AB2-63C5BEB307D2', 'MountedSnapshots': [], 'OSInternal': True, 'Size': 5368664064, 'VolumeName': 'Update', 'VolumeUUID': 'C3DE2374-A2F8-4B2A-9AB2-63C5BEB307D2'}], 'Content': 'Apple_APFS_Container', 'DeviceIdentifier': 'disk2', 'OSInternal': True, 'Partitions': [], 'Size': 5368664064}
07-21 10:46 root         DEBUG      - disk3: {'APFSPhysicalStores': [{'DeviceIdentifier': 'disk0s3'}], 'APFSVolumes': [{'CapacityInUse': 876544, 'DeviceIdentifier': 'disk3s1', 'DiskUUID': '34B3D2C7-11A2-409E-B6C5-5959E69B719E', 'MountPoint': '/Volumes/Nixos - Data', 'MountedSnapshots': [], 'OSInternal': False, 'Size': 2499805184, 'VolumeName': 'Nixos - Data', 'VolumeUUID': '34B3D2C7-11A2-409E-B6C5-5959E69B719E'}, {'CapacityInUse': 204800, 'DeviceIdentifier': 'disk3s2', 'DiskUUID': 'AACDAC48-B42D-49CB-802A-E30A72959354', 'MountPoint': '/Volumes/Nixos', 'MountedSnapshots': [], 'OSInternal': False, 'Size': 2499805184, 'VolumeName': 'Nixos', 'VolumeUUID': 'AACDAC48-B42D-49CB-802A-E30A72959354'}, {'CapacityInUse': 66949120, 'DeviceIdentifier': 'disk3s3', 'DiskUUID': 'EA125034-025D-4903-873B-5199EC64CF02', 'MountPoint': '/Volumes/Preboot', 'MountedSnapshots': [], 'OSInternal': False, 'Size': 2499805184, 'VolumeName': 'Preboot', 'VolumeUUID': 'EA125034-025D-4903-873B-5199EC64CF02'}, {'CapacityInUse': 687939584, 'DeviceIdentifier': 'disk3s4', 'DiskUUID': '7D63195F-565C-4E19-AACA-A498BB139E4A', 'MountPoint': '/Volumes/Recovery 1', 'MountedSnapshots': [], 'OSInternal': False, 'Size': 2499805184, 'VolumeName': 'Recovery', 'VolumeUUID': '7D63195F-565C-4E19-AACA-A498BB139E4A'}], 'Content': 'Apple_APFS_Container', 'DeviceIdentifier': 'disk3', 'OSInternal': False, 'Partitions': [], 'Size': 2499805184}
07-21 10:46 root         DEBUG      - disk4: {'APFSPhysicalStores': [{'DeviceIdentifier': 'disk0s2'}], 'APFSVolumes': [{'CapacityInUse': 115903266816, 'DeviceIdentifier': 'disk4s1', 'DiskUUID': '5A1616D5-7C62-4976-9218-0E69B7A83689', 'MountPoint': '/System/Volumes/Data', 'MountedSnapshots': [], 'OSInternal': False, 'Size': 185110364160, 'VolumeName': 'Macintosh HD - Data', 'VolumeUUID': '5A1616D5-7C62-4976-9218-0E69B7A83689'}, {'CapacityInUse': 61263872, 'DeviceIdentifier': 'disk4s2', 'DiskUUID': '1F182124-40A4-4A40-8639-BA0D3F476D49', 'MountPoint': '/System/Volumes/Update', 'MountedSnapshots': [], 'OSInternal': True, 'Size': 185110364160, 'VolumeName': 'Update', 'VolumeUUID': '1F182124-40A4-4A40-8639-BA0D3F476D49'}, {'CapacityInUse': 12565168128, 'DeviceIdentifier': 'disk4s3', 'DiskUUID': '610A55C3-CAA6-408E-B2B7-8D71F1F3AC86', 'MountedSnapshots': [{'Sealed': 'Yes', 'SnapshotBSD': 'disk4s3s1', 'SnapshotMountPoint': '/', 'SnapshotName': 'com.apple.os.update-5B92CE4BA1034457A0921532291F4A4AD939CBE48D3A1381163A9AD3687D5694', 'SnapshotUUID': 'E6437022-6150-4A5F-945D-6AB82464A5E5'}], 'OSInternal': False, 'Size': 185110364160, 'VolumeName': 'Macintosh HD', 'VolumeUUID': '610A55C3-CAA6-408E-B2B7-8D71F1F3AC86'}, {'CapacityInUse': 12565168128, 'DeviceIdentifier': 'disk4s3s1', 'DiskUUID': 'E6437022-6150-4A5F-945D-6AB82464A5E5', 'MountPoint': '/', 'OSInternal': False, 'Size': 185110364160, 'VolumeName': 'Macintosh HD', 'VolumeUUID': 'E6437022-6150-4A5F-945D-6AB82464A5E5'}, {'CapacityInUse': 9075273728, 'DeviceIdentifier': 'disk4s4', 'DiskUUID': 'D38651F3-2974-47B6-B53D-04E67876FF84', 'MountPoint': '/System/Volumes/Preboot', 'MountedSnapshots': [], 'OSInternal': False, 'Size': 185110364160, 'VolumeName': 'Preboot', 'VolumeUUID': 'D38651F3-2974-47B6-B53D-04E67876FF84'}, {'CapacityInUse': 1301176320, 'DeviceIdentifier': 'disk4s5', 'DiskUUID': 'D8FBC547-9F31-4A15-97BF-584140FA4CED', 'MountPoint': '/Volumes/Recovery', 'MountedSnapshots': [], 'OSInternal': False, 'Size': 185110364160, 'VolumeName': 'Recovery', 'VolumeUUID': 'D8FBC547-9F31-4A15-97BF-584140FA4CED'}, {'CapacityInUse': 2147569664, 'DeviceIdentifier': 'disk4s6', 'DiskUUID': '07D7615A-72BF-4745-A5B2-EC96EF7E665B', 'MountPoint': '/System/Volumes/VM', 'MountedSnapshots': [], 'OSInternal': False, 'Size': 185110364160, 'VolumeName': 'VM', 'VolumeUUID': '07D7615A-72BF-4745-A5B2-EC96EF7E665B'}], 'Content': 'Apple_APFS_Container', 'DeviceIdentifier': 'disk4', 'OSInternal': False, 'Partitions': [], 'Size': 185110364160}
07-21 10:46 root         INFO     DiskUtil.get_partitions('disk0')
07-21 10:46 root         INFO     DiskUtil.get_partition_info(dev='disk0s1', refresh_apfs=False)
07-21 10:46 root         DEBUG    get: diskutil ('info', '-plist', 'disk0s1')
07-21 10:46 root         DEBUG    Partition disk0s1: Partition(name='disk0s1', offset=24576, size=524288000, free=False, type='Apple_APFS_ISC', uuid='0A122F22-1ED2-485F-85D5-F7675C3F5B1C', desc=None, label=None, info={'AESHardware': True, 'Bootable': False, 'BusProtocol': 'Apple Fabric', 'CanBeMadeBootable': False, 'CanBeMadeBootableRequiresDestroy': False, 'Content': 'Apple_APFS_ISC', 'DeviceBlockSize': 4096, 'DeviceIdentifier': 'disk0s1', 'DeviceNode': '/dev/disk0s1', 'DeviceTreePath': 'IODeviceTree:/arm-io@10F00000/ans@77400000/iop-ans-nub/AppleANS3NVMeController', 'DiskUUID': '0A122F22-1ED2-485F-85D5-F7675C3F5B1C', 'Ejectable': False, 'EjectableMediaAutomaticUnderSoftwareControl': False, 'EjectableOnly': False, 'FreeSpace': 0, 'GlobalPermissionsEnabled': False, 'IOKitSize': 524288000, 'IORegistryEntryName': 'iBootSystemContainer', 'Internal': True, 'MediaName': '', 'MediaType': 'Generic', 'MountPoint': '', 'OSInternalMedia': False, 'ParentWholeDisk': 'disk0', 'PartitionMapPartition': True, 'PartitionMapPartitionOffset': 24576, 'RAIDMaster': False, 'RAIDSlice': False, 'Removable': False, 'RemovableMedia': False, 'RemovableMediaOrExternalDevice': False, 'SMARTDeviceSpecificKeysMayVaryNotGuaranteed': {'AVAILABLE_SPARE': 100, 'AVAILABLE_SPARE_THRESHOLD': 99, 'CONTROLLER_BUSY_TIME_0': 0, 'CONTROLLER_BUSY_TIME_1': 0, 'DATA_UNITS_READ_0': 286915488, 'DATA_UNITS_READ_1': 0, 'DATA_UNITS_WRITTEN_0': 165599966, 'DATA_UNITS_WRITTEN_1': 0, 'HOST_READ_COMMANDS_0': 4343927046, 'HOST_READ_COMMANDS_1': 0, 'HOST_WRITE_COMMANDS_0': 1837761062, 'HOST_WRITE_COMMANDS_1': 0, 'MEDIA_ERRORS_0': 0, 'MEDIA_ERRORS_1': 0, 'NUM_ERROR_INFO_LOG_ENTRIES_0': 0, 'NUM_ERROR_INFO_LOG_ENTRIES_1': 0, 'PERCENTAGE_USED': 5, 'POWER_CYCLES_0': 194, 'POWER_CYCLES_1': 0, 'POWER_ON_HOURS_0': 2032, 'POWER_ON_HOURS_1': 0, 'TEMPERATURE': 307, 'UNSAFE_SHUTDOWNS_0': 11, 'UNSAFE_SHUTDOWNS_1': 0}, 'SMARTStatus': 'Verified', 'Size': 524288000, 'SolidState': True, 'SupportsGlobalPermissionsDisable': False, 'SystemImage': False, 'TotalSize': 524288000, 'VolumeName': '', 'VolumeSize': 0, 'WholeDisk': False, 'Writable': True, 'WritableMedia': True, 'WritableVolume': False}, container={'APFSContainerUUID': '5E594248-3DA0-46B6-BAAD-ACD493B5B57C', 'CapacityCeiling': 524288000, 'CapacityFree': 504950784, 'ContainerReference': 'disk1', 'DesignatedPhysicalStore': 'disk0s1', 'PhysicalStores': [{'DeviceIdentifier': 'disk0s1', 'DiskUUID': '0A122F22-1ED2-485F-85D5-F7675C3F5B1C', 'Size': 524288000}], 'Volumes': [{'APFSVolumeUUID': 'EBFC59BD-E716-4332-AEED-F9B1795AFCE4', 'CapacityInUse': 6025216, 'CapacityQuota': 0, 'CapacityReserve': 0, 'CryptoMigrationOn': False, 'DeviceIdentifier': 'disk1s1', 'Encryption': False, 'FileVault': False, 'Locked': False, 'Name': 'iSCPreboot', 'Roles': ['Preboot']}, {'APFSVolumeUUID': '08832ADE-2568-42F4-A1ED-287D348DC322', 'CapacityInUse': 6311936, 'CapacityQuota': 0, 'CapacityReserve': 0, 'CryptoMigrationOn': False, 'DeviceIdentifier': 'disk1s2', 'Encryption': False, 'FileVault': False, 'Locked': False, 'Name': 'xART', 'Roles': ['xART']}, {'APFSVolumeUUID': '842E91AB-449A-4216-BC31-5796BF72EB72', 'CapacityInUse': 2023424, 'CapacityQuota': 0, 'CapacityReserve': 0, 'CryptoMigrationOn': False, 'DeviceIdentifier': 'disk1s3', 'Encryption': False, 'FileVault': False, 'Locked': False, 'Name': 'Hardware', 'Roles': ['Hardware']}, {'APFSVolumeUUID': '2F9265BA-A8BA-4517-B024-EA590EDCAC4C', 'CapacityInUse': 20480, 'CapacityQuota': 0, 'CapacityReserve': 0, 'CryptoMigrationOn': False, 'DeviceIdentifier': 'disk1s4', 'Encryption': False, 'FileVault': False, 'Locked': False, 'Name': 'Recovery', 'Roles': ['Recovery']}], 'VolumeGroups': []}, os=None)
07-21 10:46 root         INFO     DiskUtil.get_partition_info(dev='disk0s2', refresh_apfs=False)
07-21 10:46 root         DEBUG    get: diskutil ('info', '-plist', 'disk0s2')
07-21 10:46 root         DEBUG    Partition disk0s2: Partition(name='disk0s2', offset=524312576, size=185110364160, free=False, type='Apple_APFS', uuid='F37C4824-1793-4440-9F84-150D2E4AB400', desc=None, label='Macintosh HD', info={'AESHardware': True, 'APFSContainerReference': 'disk4', 'Bootable': True, 'BusProtocol': 'Apple Fabric', 'CanBeMadeBootable': False, 'CanBeMadeBootableRequiresDestroy': False, 'Content': 'Apple_APFS', 'DeviceBlockSize': 4096, 'DeviceIdentifier': 'disk0s2', 'DeviceNode': '/dev/disk0s2', 'DeviceTreePath': 'IODeviceTree:/arm-io@10F00000/ans@77400000/iop-ans-nub/AppleANS3NVMeController', 'DiskUUID': 'F37C4824-1793-4440-9F84-150D2E4AB400', 'Ejectable': False, 'EjectableMediaAutomaticUnderSoftwareControl': False, 'EjectableOnly': False, 'FreeSpace': 0, 'GlobalPermissionsEnabled': False, 'IOKitSize': 185110364160, 'IORegistryEntryName': 'Untitled 2', 'Internal': True, 'MediaName': '', 'MediaType': 'Generic', 'MountPoint': '', 'OSInternalMedia': False, 'ParentWholeDisk': 'disk0', 'PartitionMapPartition': True, 'PartitionMapPartitionOffset': 524312576, 'RAIDMaster': False, 'RAIDSlice': False, 'Removable': False, 'RemovableMedia': False, 'RemovableMediaOrExternalDevice': False, 'SMARTDeviceSpecificKeysMayVaryNotGuaranteed': {'AVAILABLE_SPARE': 100, 'AVAILABLE_SPARE_THRESHOLD': 99, 'CONTROLLER_BUSY_TIME_0': 0, 'CONTROLLER_BUSY_TIME_1': 0, 'DATA_UNITS_READ_0': 286915489, 'DATA_UNITS_READ_1': 0, 'DATA_UNITS_WRITTEN_0': 165599966, 'DATA_UNITS_WRITTEN_1': 0, 'HOST_READ_COMMANDS_0': 4343927190, 'HOST_READ_COMMANDS_1': 0, 'HOST_WRITE_COMMANDS_0': 1837761062, 'HOST_WRITE_COMMANDS_1': 0, 'MEDIA_ERRORS_0': 0, 'MEDIA_ERRORS_1': 0, 'NUM_ERROR_INFO_LOG_ENTRIES_0': 0, 'NUM_ERROR_INFO_LOG_ENTRIES_1': 0, 'PERCENTAGE_USED': 5, 'POWER_CYCLES_0': 194, 'POWER_CYCLES_1': 0, 'POWER_ON_HOURS_0': 2032, 'POWER_ON_HOURS_1': 0, 'TEMPERATURE': 306, 'UNSAFE_SHUTDOWNS_0': 11, 'UNSAFE_SHUTDOWNS_1': 0}, 'SMARTStatus': 'Verified', 'Size': 185110364160, 'SolidState': True, 'SupportsGlobalPermissionsDisable': False, 'SystemImage': False, 'TotalSize': 185110364160, 'VolumeName': '', 'VolumeSize': 0, 'WholeDisk': False, 'Writable': True, 'WritableMedia': True, 'WritableVolume': False}, container={'APFSContainerUUID': 'D1CEEC84-B2EA-4219-BFD9-8ED3567C4AF9', 'CapacityCeiling': 185110364160, 'CapacityFree': 43929403392, 'ContainerReference': 'disk4', 'DesignatedPhysicalStore': 'disk0s2', 'PhysicalStores': [{'DeviceIdentifier': 'disk0s2', 'DiskUUID': 'F37C4824-1793-4440-9F84-150D2E4AB400', 'Size': 185110364160}], 'Volumes': [{'APFSVolumeUUID': '5A1616D5-7C62-4976-9218-0E69B7A83689', 'CapacityInUse': 115898728448, 'CapacityQuota': 0, 'CapacityReserve': 0, 'CryptoMigrationOn': False, 'DeviceIdentifier': 'disk4s1', 'Encryption': True, 'FileVault': True, 'Locked': False, 'Name': 'Macintosh HD - Data', 'Roles': ['Data']}, {'APFSVolumeUUID': '1F182124-40A4-4A40-8639-BA0D3F476D49', 'CapacityInUse': 61263872, 'CapacityQuota': 0, 'CapacityReserve': 0, 'CryptoMigrationOn': False, 'DeviceIdentifier': 'disk4s2', 'Encryption': False, 'FileVault': False, 'Locked': False, 'Name': 'Update', 'Roles': ['Update']}, {'APFSVolumeUUID': '610A55C3-CAA6-408E-B2B7-8D71F1F3AC86', 'CapacityInUse': 12565168128, 'CapacityQuota': 0, 'CapacityReserve': 0, 'CryptoMigrationOn': False, 'DeviceIdentifier': 'disk4s3s1', 'Encryption': True, 'FileVault': True, 'Locked': False, 'Name': 'Macintosh HD', 'Roles': ['System']}, {'APFSVolumeUUID': 'D38651F3-2974-47B6-B53D-04E67876FF84', 'CapacityInUse': 9075310592, 'CapacityQuota': 0, 'CapacityReserve': 0, 'CryptoMigrationOn': False, 'DeviceIdentifier': 'disk4s4', 'Encryption': False, 'FileVault': False, 'Locked': False, 'Name': 'Preboot', 'Roles': ['Preboot']}, {'APFSVolumeUUID': 'D8FBC547-9F31-4A15-97BF-584140FA4CED', 'CapacityInUse': 1301176320, 'CapacityQuota': 0, 'CapacityReserve': 0, 'CryptoMigrationOn': False, 'DeviceIdentifier': 'disk4s5', 'Encryption': False, 'FileVault': False, 'Locked': False, 'Name': 'Recovery', 'Roles': ['Recovery']}, {'APFSVolumeUUID': '07D7615A-72BF-4745-A5B2-EC96EF7E665B', 'CapacityInUse': 2147581952, 'CapacityQuota': 0, 'CapacityReserve': 0, 'CryptoMigrationOn': False, 'DeviceIdentifier': 'disk4s6', 'Encryption': False, 'FileVault': False, 'Locked': False, 'Name': 'VM', 'Roles': ['VM']}], 'VolumeGroups': [{'APFSVolumeGroupUUID': '5A1616D5-7C62-4976-9218-0E69B7A83689', 'Volumes': [{'DeviceIdentifier': 'disk4s1', 'DiskUUID': '5A1616D5-7C62-4976-9218-0E69B7A83689', 'NoBrowseRole': False, 'Role': 'Data'}, {'DeviceIdentifier': 'disk4s3', 'DiskUUID': '610A55C3-CAA6-408E-B2B7-8D71F1F3AC86', 'NoBrowseRole': False, 'Role': 'System'}]}]}, os=None)
07-21 10:46 root         INFO     DiskUtil.get_partition_info(dev='disk0s3', refresh_apfs=False)
07-21 10:46 root         DEBUG    get: diskutil ('info', '-plist', 'disk0s3')
07-21 10:46 root         DEBUG    Partition disk0s3: Partition(name='disk0s3', offset=185634676736, size=2499805184, free=False, type='Apple_APFS', uuid='0A6B9785-FB34-4903-8F93-9479A4CECED8', desc=None, label='Nixos', info={'AESHardware': True, 'APFSContainerReference': 'disk3', 'Bootable': True, 'BusProtocol': 'Apple Fabric', 'CanBeMadeBootable': False, 'CanBeMadeBootableRequiresDestroy': False, 'Content': 'Apple_APFS', 'DeviceBlockSize': 4096, 'DeviceIdentifier': 'disk0s3', 'DeviceNode': '/dev/disk0s3', 'DeviceTreePath': 'IODeviceTree:/arm-io@10F00000/ans@77400000/iop-ans-nub/AppleANS3NVMeController', 'DiskUUID': '0A6B9785-FB34-4903-8F93-9479A4CECED8', 'Ejectable': False, 'EjectableMediaAutomaticUnderSoftwareControl': False, 'EjectableOnly': False, 'FreeSpace': 0, 'GlobalPermissionsEnabled': False, 'IOKitSize': 2499805184, 'IORegistryEntryName': 'Untitled 3', 'Internal': True, 'MediaName': '', 'MediaType': 'Generic', 'MountPoint': '', 'OSInternalMedia': False, 'ParentWholeDisk': 'disk0', 'PartitionMapPartition': True, 'PartitionMapPartitionOffset': 185634676736, 'RAIDMaster': False, 'RAIDSlice': False, 'Removable': False, 'RemovableMedia': False, 'RemovableMediaOrExternalDevice': False, 'SMARTDeviceSpecificKeysMayVaryNotGuaranteed': {'AVAILABLE_SPARE': 100, 'AVAILABLE_SPARE_THRESHOLD': 99, 'CONTROLLER_BUSY_TIME_0': 0, 'CONTROLLER_BUSY_TIME_1': 0, 'DATA_UNITS_READ_0': 286915491, 'DATA_UNITS_READ_1': 0, 'DATA_UNITS_WRITTEN_0': 165599966, 'DATA_UNITS_WRITTEN_1': 0, 'HOST_READ_COMMANDS_0': 4343927339, 'HOST_READ_COMMANDS_1': 0, 'HOST_WRITE_COMMANDS_0': 1837761062, 'HOST_WRITE_COMMANDS_1': 0, 'MEDIA_ERRORS_0': 0, 'MEDIA_ERRORS_1': 0, 'NUM_ERROR_INFO_LOG_ENTRIES_0': 0, 'NUM_ERROR_INFO_LOG_ENTRIES_1': 0, 'PERCENTAGE_USED': 5, 'POWER_CYCLES_0': 194, 'POWER_CYCLES_1': 0, 'POWER_ON_HOURS_0': 2032, 'POWER_ON_HOURS_1': 0, 'TEMPERATURE': 306, 'UNSAFE_SHUTDOWNS_0': 11, 'UNSAFE_SHUTDOWNS_1': 0}, 'SMARTStatus': 'Verified', 'Size': 2499805184, 'SolidState': True, 'SupportsGlobalPermissionsDisable': False, 'SystemImage': False, 'TotalSize': 2499805184, 'VolumeName': '', 'VolumeSize': 0, 'WholeDisk': False, 'Writable': True, 'WritableMedia': True, 'WritableVolume': False}, container={'APFSContainerUUID': 'EE3E46F0-18B4-4B3F-9CA1-4882A0345421', 'CapacityCeiling': 2499805184, 'CapacityFree': 2488836096, 'ContainerReference': 'disk3', 'DesignatedPhysicalStore': 'disk0s3', 'PhysicalStores': [{'DeviceIdentifier': 'disk0s3', 'DiskUUID': '0A6B9785-FB34-4903-8F93-9479A4CECED8', 'Size': 2499805184}], 'Volumes': [{'APFSVolumeUUID': '34B3D2C7-11A2-409E-B6C5-5959E69B719E', 'CapacityInUse': 716800, 'CapacityQuota': 0, 'CapacityReserve': 0, 'CryptoMigrationOn': False, 'DeviceIdentifier': 'disk3s1', 'Encryption': True, 'FileVault': False, 'Locked': False, 'Name': 'Nixos - Data', 'Roles': ['Data']}, {'APFSVolumeUUID': 'AACDAC48-B42D-49CB-802A-E30A72959354', 'CapacityInUse': 24576, 'CapacityQuota': 0, 'CapacityReserve': 0, 'CryptoMigrationOn': False, 'DeviceIdentifier': 'disk3s2', 'Encryption': True, 'FileVault': False, 'Locked': False, 'Name': 'Nixos', 'Roles': ['System']}, {'APFSVolumeUUID': 'EA125034-025D-4903-873B-5199EC64CF02', 'CapacityInUse': 20480, 'CapacityQuota': 0, 'CapacityReserve': 0, 'CryptoMigrationOn': False, 'DeviceIdentifier': 'disk3s3', 'Encryption': False, 'FileVault': False, 'Locked': False, 'Name': 'Preboot', 'Roles': ['Preboot']}, {'APFSVolumeUUID': '7D63195F-565C-4E19-AACA-A498BB139E4A', 'CapacityInUse': 24576, 'CapacityQuota': 0, 'CapacityReserve': 0, 'CryptoMigrationOn': False, 'DeviceIdentifier': 'disk3s4', 'Encryption': False, 'FileVault': False, 'Locked': False, 'Name': 'Recovery', 'Roles': ['Recovery']}], 'VolumeGroups': [{'APFSVolumeGroupUUID': '34B3D2C7-11A2-409E-B6C5-5959E69B719E', 'Volumes': [{'DeviceIdentifier': 'disk3s1', 'DiskUUID': '34B3D2C7-11A2-409E-B6C5-5959E69B719E', 'NoBrowseRole': False, 'Role': 'Data'}, {'DeviceIdentifier': 'disk3s2', 'DiskUUID': 'AACDAC48-B42D-49CB-802A-E30A72959354', 'NoBrowseRole': False, 'Role': 'System'}]}]}, os=None)
07-21 10:46 root         INFO     DiskUtil.get_partition_info(dev='disk0s6', refresh_apfs=False)
07-21 10:46 root         DEBUG    get: diskutil ('info', '-plist', 'disk0s6')
07-21 10:46 root         DEBUG    Partition disk0s6: Partition(name='disk0s6', offset=188134481920, size=500170752, free=False, type='EFI', uuid='F51C2700-5AAC-45C4-B709-01A44A6EFE32', desc=None, label=None, info={'AESHardware': True, 'Bootable': False, 'BusProtocol': 'Apple Fabric', 'CanBeMadeBootable': False, 'CanBeMadeBootableRequiresDestroy': False, 'Content': 'EFI', 'DeviceBlockSize': 4096, 'DeviceIdentifier': 'disk0s6', 'DeviceNode': '/dev/disk0s6', 'DeviceTreePath': 'IODeviceTree:/arm-io@10F00000/ans@77400000/iop-ans-nub/AppleANS3NVMeController', 'DiskUUID': 'F51C2700-5AAC-45C4-B709-01A44A6EFE32', 'Ejectable': False, 'EjectableMediaAutomaticUnderSoftwareControl': False, 'EjectableOnly': False, 'FilesystemName': 'MS-DOS FAT32', 'FilesystemType': 'msdos', 'FilesystemUserVisibleName': 'MS-DOS (FAT32)', 'FreeSpace': 0, 'GlobalPermissionsEnabled': False, 'IOKitSize': 500170752, 'IORegistryEntryName': 'Untitled 4', 'Internal': True, 'MediaName': '', 'MediaType': 'Generic', 'MountPoint': '', 'OSInternalMedia': False, 'ParentWholeDisk': 'disk0', 'PartitionMapPartition': True, 'PartitionMapPartitionOffset': 188134481920, 'RAIDMaster': False, 'RAIDSlice': False, 'Removable': False, 'RemovableMedia': False, 'RemovableMediaOrExternalDevice': False, 'SMARTDeviceSpecificKeysMayVaryNotGuaranteed': {'AVAILABLE_SPARE': 100, 'AVAILABLE_SPARE_THRESHOLD': 99, 'CONTROLLER_BUSY_TIME_0': 0, 'CONTROLLER_BUSY_TIME_1': 0, 'DATA_UNITS_READ_0': 286915494, 'DATA_UNITS_READ_1': 0, 'DATA_UNITS_WRITTEN_0': 165599966, 'DATA_UNITS_WRITTEN_1': 0, 'HOST_READ_COMMANDS_0': 4343927534, 'HOST_READ_COMMANDS_1': 0, 'HOST_WRITE_COMMANDS_0': 1837761062, 'HOST_WRITE_COMMANDS_1': 0, 'MEDIA_ERRORS_0': 0, 'MEDIA_ERRORS_1': 0, 'NUM_ERROR_INFO_LOG_ENTRIES_0': 0, 'NUM_ERROR_INFO_LOG_ENTRIES_1': 0, 'PERCENTAGE_USED': 5, 'POWER_CYCLES_0': 194, 'POWER_CYCLES_1': 0, 'POWER_ON_HOURS_0': 2032, 'POWER_ON_HOURS_1': 0, 'TEMPERATURE': 307, 'UNSAFE_SHUTDOWNS_0': 11, 'UNSAFE_SHUTDOWNS_1': 0}, 'SMARTStatus': 'Verified', 'Size': 500170752, 'SolidState': True, 'SupportsGlobalPermissionsDisable': False, 'SystemImage': False, 'TotalSize': 500170752, 'VolumeName': '', 'VolumeSize': 0, 'WholeDisk': False, 'Writable': True, 'WritableMedia': True, 'WritableVolume': False}, container=None, os=None)
07-21 10:46 root         INFO     DiskUtil.get_partition_info(dev='disk0s4', refresh_apfs=False)
07-21 10:46 root         DEBUG    get: diskutil ('info', '-plist', 'disk0s4')
07-21 10:46 root         DEBUG    Partition disk0s4: Partition(name='disk0s4', offset=245631508480, size=5368664064, free=False, type='Apple_APFS_Recovery', uuid='307A0C62-CD7C-4D19-AC5C-90D98ADA4E11', desc=None, label=None, info={'AESHardware': True, 'Bootable': False, 'BusProtocol': 'Apple Fabric', 'CanBeMadeBootable': False, 'CanBeMadeBootableRequiresDestroy': False, 'Content': 'Apple_APFS_Recovery', 'DeviceBlockSize': 4096, 'DeviceIdentifier': 'disk0s4', 'DeviceNode': '/dev/disk0s4', 'DeviceTreePath': 'IODeviceTree:/arm-io@10F00000/ans@77400000/iop-ans-nub/AppleANS3NVMeController', 'DiskUUID': '307A0C62-CD7C-4D19-AC5C-90D98ADA4E11', 'Ejectable': False, 'EjectableMediaAutomaticUnderSoftwareControl': False, 'EjectableOnly': False, 'FreeSpace': 0, 'GlobalPermissionsEnabled': False, 'IOKitSize': 5368664064, 'IORegistryEntryName': 'RecoveryOSContainer', 'Internal': True, 'MediaName': '', 'MediaType': 'Generic', 'MountPoint': '', 'OSInternalMedia': False, 'ParentWholeDisk': 'disk0', 'PartitionMapPartition': True, 'PartitionMapPartitionOffset': 245631508480, 'RAIDMaster': False, 'RAIDSlice': False, 'Removable': False, 'RemovableMedia': False, 'RemovableMediaOrExternalDevice': False, 'SMARTDeviceSpecificKeysMayVaryNotGuaranteed': {'AVAILABLE_SPARE': 100, 'AVAILABLE_SPARE_THRESHOLD': 99, 'CONTROLLER_BUSY_TIME_0': 0, 'CONTROLLER_BUSY_TIME_1': 0, 'DATA_UNITS_READ_0': 286915495, 'DATA_UNITS_READ_1': 0, 'DATA_UNITS_WRITTEN_0': 165599966, 'DATA_UNITS_WRITTEN_1': 0, 'HOST_READ_COMMANDS_0': 4343927694, 'HOST_READ_COMMANDS_1': 0, 'HOST_WRITE_COMMANDS_0': 1837761062, 'HOST_WRITE_COMMANDS_1': 0, 'MEDIA_ERRORS_0': 0, 'MEDIA_ERRORS_1': 0, 'NUM_ERROR_INFO_LOG_ENTRIES_0': 0, 'NUM_ERROR_INFO_LOG_ENTRIES_1': 0, 'PERCENTAGE_USED': 5, 'POWER_CYCLES_0': 194, 'POWER_CYCLES_1': 0, 'POWER_ON_HOURS_0': 2032, 'POWER_ON_HOURS_1': 0, 'TEMPERATURE': 306, 'UNSAFE_SHUTDOWNS_0': 11, 'UNSAFE_SHUTDOWNS_1': 0}, 'SMARTStatus': 'Verified', 'Size': 5368664064, 'SolidState': True, 'SupportsGlobalPermissionsDisable': False, 'SystemImage': False, 'TotalSize': 5368664064, 'VolumeName': '', 'VolumeSize': 0, 'WholeDisk': False, 'Writable': True, 'WritableMedia': True, 'WritableVolume': False}, container={'APFSContainerUUID': 'E320760E-FB44-4A7B-B3B8-C7A568AE1F7A', 'CapacityCeiling': 5368664064, 'CapacityFree': 3270402048, 'ContainerReference': 'disk2', 'DesignatedPhysicalStore': 'disk0s4', 'PhysicalStores': [{'DeviceIdentifier': 'disk0s4', 'DiskUUID': '307A0C62-CD7C-4D19-AC5C-90D98ADA4E11', 'Size': 5368664064}], 'Volumes': [{'APFSVolumeUUID': 'B5899017-C9E6-4F89-BF51-BABF2E52DCC0', 'CapacityInUse': 2078314496, 'CapacityQuota': 0, 'CapacityReserve': 0, 'CryptoMigrationOn': False, 'DeviceIdentifier': 'disk2s1', 'Encryption': False, 'FileVault': False, 'Locked': False, 'Name': 'Recovery', 'Roles': ['Recovery']}, {'APFSVolumeUUID': 'C3DE2374-A2F8-4B2A-9AB2-63C5BEB307D2', 'CapacityInUse': 200704, 'CapacityQuota': 0, 'CapacityReserve': 0, 'CryptoMigrationOn': False, 'DeviceIdentifier': 'disk2s2', 'Encryption': False, 'FileVault': False, 'Locked': False, 'Name': 'Update', 'Roles': ['Update']}], 'VolumeGroups': []}, os=None)
07-21 10:46 root         INFO     Checking #0 disk0s1...
07-21 10:46 root         INFO     Checking #1 disk0s2...
07-21 10:46 root         INFO     Checking #2 disk0s3...
07-21 10:46 root         INFO     Found previous partition disk0s3...
07-21 10:46 root         INFO     DiskUtil.get_partition_info(dev='disk0s6', refresh_apfs=False)
07-21 10:46 root         DEBUG    get: diskutil ('info', '-plist', 'disk0s6')
07-21 10:46 root         DEBUG    Partition disk0s6: Partition(name='disk0s6', offset=188134481920, size=500170752, free=False, type='EFI', uuid='F51C2700-5AAC-45C4-B709-01A44A6EFE32', desc=None, label=None, info={'AESHardware': True, 'Bootable': False, 'BusProtocol': 'Apple Fabric', 'CanBeMadeBootable': False, 'CanBeMadeBootableRequiresDestroy': False, 'Content': 'EFI', 'DeviceBlockSize': 4096, 'DeviceIdentifier': 'disk0s6', 'DeviceNode': '/dev/disk0s6', 'DeviceTreePath': 'IODeviceTree:/arm-io@10F00000/ans@77400000/iop-ans-nub/AppleANS3NVMeController', 'DiskUUID': 'F51C2700-5AAC-45C4-B709-01A44A6EFE32', 'Ejectable': False, 'EjectableMediaAutomaticUnderSoftwareControl': False, 'EjectableOnly': False, 'FilesystemName': 'MS-DOS FAT32', 'FilesystemType': 'msdos', 'FilesystemUserVisibleName': 'MS-DOS (FAT32)', 'FreeSpace': 0, 'GlobalPermissionsEnabled': False, 'IOKitSize': 500170752, 'IORegistryEntryName': 'Untitled 4', 'Internal': True, 'MediaName': '', 'MediaType': 'Generic', 'MountPoint': '', 'OSInternalMedia': False, 'ParentWholeDisk': 'disk0', 'PartitionMapPartition': True, 'PartitionMapPartitionOffset': 188134481920, 'RAIDMaster': False, 'RAIDSlice': False, 'Removable': False, 'RemovableMedia': False, 'RemovableMediaOrExternalDevice': False, 'SMARTDeviceSpecificKeysMayVaryNotGuaranteed': {'AVAILABLE_SPARE': 100, 'AVAILABLE_SPARE_THRESHOLD': 99, 'CONTROLLER_BUSY_TIME_0': 0, 'CONTROLLER_BUSY_TIME_1': 0, 'DATA_UNITS_READ_0': 286915497, 'DATA_UNITS_READ_1': 0, 'DATA_UNITS_WRITTEN_0': 165599966, 'DATA_UNITS_WRITTEN_1': 0, 'HOST_READ_COMMANDS_0': 4343927867, 'HOST_READ_COMMANDS_1': 0, 'HOST_WRITE_COMMANDS_0': 1837761062, 'HOST_WRITE_COMMANDS_1': 0, 'MEDIA_ERRORS_0': 0, 'MEDIA_ERRORS_1': 0, 'NUM_ERROR_INFO_LOG_ENTRIES_0': 0, 'NUM_ERROR_INFO_LOG_ENTRIES_1': 0, 'PERCENTAGE_USED': 5, 'POWER_CYCLES_0': 194, 'POWER_CYCLES_1': 0, 'POWER_ON_HOURS_0': 2032, 'POWER_ON_HOURS_1': 0, 'TEMPERATURE': 307, 'UNSAFE_SHUTDOWNS_0': 11, 'UNSAFE_SHUTDOWNS_1': 0}, 'SMARTStatus': 'Verified', 'Size': 500170752, 'SolidState': True, 'SupportsGlobalPermissionsDisable': False, 'SystemImage': False, 'TotalSize': 500170752, 'VolumeName': '', 'VolumeSize': 0, 'WholeDisk': False, 'Writable': True, 'WritableMedia': True, 'WritableVolume': False}, container=None, os=None)
07-21 10:46 root         INFO     New partition: Partition(name='disk0s6', offset=188134481920, size=500170752, free=False, type='EFI', uuid='F51C2700-5AAC-45C4-B709-01A44A6EFE32', desc=None, label=None, info={'AESHardware': True, 'Bootable': False, 'BusProtocol': 'Apple Fabric', 'CanBeMadeBootable': False, 'CanBeMadeBootableRequiresDestroy': False, 'Content': 'EFI', 'DeviceBlockSize': 4096, 'DeviceIdentifier': 'disk0s6', 'DeviceNode': '/dev/disk0s6', 'DeviceTreePath': 'IODeviceTree:/arm-io@10F00000/ans@77400000/iop-ans-nub/AppleANS3NVMeController', 'DiskUUID': 'F51C2700-5AAC-45C4-B709-01A44A6EFE32', 'Ejectable': False, 'EjectableMediaAutomaticUnderSoftwareControl': False, 'EjectableOnly': False, 'FilesystemName': 'MS-DOS FAT32', 'FilesystemType': 'msdos', 'FilesystemUserVisibleName': 'MS-DOS (FAT32)', 'FreeSpace': 0, 'GlobalPermissionsEnabled': False, 'IOKitSize': 500170752, 'IORegistryEntryName': 'Untitled 4', 'Internal': True, 'MediaName': '', 'MediaType': 'Generic', 'MountPoint': '', 'OSInternalMedia': False, 'ParentWholeDisk': 'disk0', 'PartitionMapPartition': True, 'PartitionMapPartitionOffset': 188134481920, 'RAIDMaster': False, 'RAIDSlice': False, 'Removable': False, 'RemovableMedia': False, 'RemovableMediaOrExternalDevice': False, 'SMARTDeviceSpecificKeysMayVaryNotGuaranteed': {'AVAILABLE_SPARE': 100, 'AVAILABLE_SPARE_THRESHOLD': 99, 'CONTROLLER_BUSY_TIME_0': 0, 'CONTROLLER_BUSY_TIME_1': 0, 'DATA_UNITS_READ_0': 286915497, 'DATA_UNITS_READ_1': 0, 'DATA_UNITS_WRITTEN_0': 165599966, 'DATA_UNITS_WRITTEN_1': 0, 'HOST_READ_COMMANDS_0': 4343927867, 'HOST_READ_COMMANDS_1': 0, 'HOST_WRITE_COMMANDS_0': 1837761062, 'HOST_WRITE_COMMANDS_1': 0, 'MEDIA_ERRORS_0': 0, 'MEDIA_ERRORS_1': 0, 'NUM_ERROR_INFO_LOG_ENTRIES_0': 0, 'NUM_ERROR_INFO_LOG_ENTRIES_1': 0, 'PERCENTAGE_USED': 5, 'POWER_CYCLES_0': 194, 'POWER_CYCLES_1': 0, 'POWER_ON_HOURS_0': 2032, 'POWER_ON_HOURS_1': 0, 'TEMPERATURE': 307, 'UNSAFE_SHUTDOWNS_0': 11, 'UNSAFE_SHUTDOWNS_1': 0}, 'SMARTStatus': 'Verified', 'Size': 500170752, 'SolidState': True, 'SupportsGlobalPermissionsDisable': False, 'SystemImage': False, 'TotalSize': 500170752, 'VolumeName': '', 'VolumeSize': 0, 'WholeDisk': False, 'Writable': True, 'WritableMedia': True, 'WritableVolume': False}, container=None, os=None)
07-21 10:46 root         INFO     MSG:   Formatting as FAT...
07-21 10:46 root         INFO     Run: ['newfs_msdos', '-F', '32', '-v', 'EFI - Nixos', '/dev/rdisk0s6']
07-21 10:46 root         INFO     MSG: Collecting firmware...
07-21 10:46 root         INFO     StubInstaller.collect_firmware()
07-21 10:46 root         INFO     Collecting FUD firmware
07-21 10:46 root         INFO     Collecting FUD firmware for device j293ap
07-21 10:46 root         INFO       Firmware/J293_InputDevice.im4p -> fud_firmware/Firmware/J293_InputDevice.im4p
07-21 10:46 root         INFO       Firmware/J293_InputDevice.im4p -> fud_firmware/Firmware/J293_InputDevice.im4p
07-21 10:46 root         INFO       Firmware/J293_Multitouch.im4p -> fud_firmware/Firmware/J293_Multitouch.im4p
07-21 10:46 root         INFO       Firmware/J293_Multitouch.im4p -> fud_firmware/Firmware/J293_Multitouch.im4p
07-21 10:46 root         INFO     Attaching recovery ramdisk
07-21 10:46 root         INFO     Collecting WiFi firmware
07-21 10:46 root         INFO     + FILE brcm/brcmfmac4355c1-pcie.apple,hawaii-YSBC-m-2.3.txt SHA256 de541e00d270f9281aae26e69b725726377a0a723ae6a2ad6f5fd5695ecf2bd9
07-21 10:46 root         INFO     + FILE brcm/brcmfmac4355c1-pcie.apple,hawaii-YSBC-m-2.5.txt SHA256 3534748e3002b261d9a762e6193151d6d6a96afe3a15e828740af609b5be250e
07-21 10:46 root         INFO     + FILE brcm/brcmfmac4355c1-pcie.apple,hawaii-YSBC-u-4.1.txt SHA256 58b46c15ff838c090ad368f7efd8c05b9987f512bed1593eae691fa115fe3d30
07-21 10:46 root         INFO     + FILE brcm/brcmfmac4355c1-pcie.apple,hawaii-YSBC-u-4.3.txt SHA256 45f9bc9979e3a56161a536a0bd93794ab7c145aef979669703f6a82f913923ae
07-21 10:46 root         INFO     + FILE brcm/brcmfmac4355c1-pcie.apple,hawaii.bin SHA256 977725cdb6abb9fffa0101f3cd1f9b3ed615d4274633a18d8bc66f690bfa2513
07-21 10:46 root         INFO     + FILE brcm/brcmfmac4355c1-pcie.apple,hawaii.clm_blob SHA256 128d748c950b682d385c1257178318e649f0e1637c02108c2eb1315a0da615cc
07-21 10:46 root         INFO     + FILE brcm/brcmfmac4355c1-pcie.apple,hawaii.txcap_blob SHA256 fe64b0970b96a517837e9a7ebce777266150dc005f9063bb24c25c100b1cae67
07-21 10:46 root         INFO     + FILE brcm/brcmfmac4364b2-pcie.apple,ekans-HRPN-m-7.5.txt SHA256 4eaad196e12c07c08dd35bbcc40d3f3ee089538d3b0d703cac9d447d2e533598
07-21 10:46 root         INFO     + FILE brcm/brcmfmac4364b2-pcie.apple,ekans-HRPN-m-7.7.txt SHA256 c0d835fdc2ca34ebccf1d59d599b375eba03d329fe03ae159722f7e6e73692c9
07-21 10:46 root         INFO     + FILE brcm/brcmfmac4364b2-pcie.apple,ekans-HRPN-u.txt SHA256 8fe6c12a98b8e1029ac59255c8d3d3c25c85a650b27b5112c93dbb809b2ea870
07-21 10:46 root         INFO     + FILE brcm/brcmfmac4364b2-pcie.apple,ekans.bin SHA256 bf088a6182a7078c9b932cb858712fa6a8cef8ac03882dad33c3ba5399e248c6
07-21 10:46 root         INFO     + FILE brcm/brcmfmac4364b2-pcie.apple,ekans.clm_blob SHA256 e99d1666a1598a68b5dde7ab4f868c3790cf291edef8c4c165f4991f27dc5b2d
07-21 10:46 root         INFO     + FILE brcm/brcmfmac4364b2-pcie.apple,ekans.txcap_blob SHA256 8572865b465364091eca8532579e7c70552ad1fd46011c9b96daccad6b5d78bb
07-21 10:46 root         INFO     + FILE brcm/brcmfmac4364b2-pcie.apple,hanauma-HRPN-m.txt SHA256 1e4cbea5f607565193016b18b171924555aef8b20f93b103250dd53c4837a754
07-21 10:46 root         INFO     + FILE brcm/brcmfmac4364b2-pcie.apple,hanauma-HRPN-u.txt SHA256 9b3673c55648e4af1773ab4828dba134385f1c33bed7af5b2edac3070e8fa83a
07-21 10:46 root         INFO     + LINK brcm/brcmfmac4364b2-pcie.apple,hanauma.bin brcm/brcmfmac4364b2-pcie.apple,ekans.bin
07-21 10:46 root         INFO     + FILE brcm/brcmfmac4364b2-pcie.apple,hanauma.clm_blob SHA256 6c578d216167f035184b469770408e406d72ec19d8bba8eb513b9306615ae5ef
07-21 10:46 root         INFO     + FILE brcm/brcmfmac4364b2-pcie.apple,hanauma.txcap_blob SHA256 cecb65d8e5f958c194fc3bea97ec984a908c0dae16688b5ef8dcf0c444c1a943
07-21 10:46 root         INFO     + FILE brcm/brcmfmac4364b2-pcie.apple,kauai-HRPN-m.txt SHA256 18033638c0e044da742d0e53b529508a84a414d966132ecbca24130b0d606edc
07-21 10:46 root         INFO     + FILE brcm/brcmfmac4364b2-pcie.apple,kauai-HRPN-u.txt SHA256 dc976821d53f1a61b066ab0d09d82a3da2b2725e70182029d60964129bf762e3
07-21 10:46 root         INFO     + LINK brcm/brcmfmac4364b2-pcie.apple,kauai.bin brcm/brcmfmac4364b2-pcie.apple,ekans.bin
07-21 10:46 root         INFO     + FILE brcm/brcmfmac4364b2-pcie.apple,kauai.clm_blob SHA256 c07bb8da66feb582d16ccd5c4f2b897cb91beb65a7fa964161b96e9457b5b398
07-21 10:46 root         INFO     + FILE brcm/brcmfmac4364b2-pcie.apple,kauai.txcap_blob SHA256 094e1e6221b5e95e493793240db550dd581bb86e125c70a98bd16c3defafebb8
07-21 10:46 root         INFO     + FILE brcm/brcmfmac4364b2-pcie.apple,lanai-HRPN-m.txt SHA256 9332e47b052c00d6f34e30e70ddb7ce93d0e26883734f9c5d9fb76b6e84b0f5b
07-21 10:46 root         INFO     + FILE brcm/brcmfmac4364b2-pcie.apple,lanai-HRPN-u.txt SHA256 7d15d2f6346a1e8bbd0de1f4f63c75127baafb13be6901530eadf347bbafe362
07-21 10:46 root         INFO     + LINK brcm/brcmfmac4364b2-pcie.apple,lanai.bin brcm/brcmfmac4364b2-pcie.apple,ekans.bin
07-21 10:46 root         INFO     + FILE brcm/brcmfmac4364b2-pcie.apple,lanai.clm_blob SHA256 e85877fa4474d04cffedc1c3c6264215111ea16cfa8c63ed08f8b471bce2f7e1
07-21 10:46 root         INFO     + FILE brcm/brcmfmac4364b2-pcie.apple,lanai.txcap_blob SHA256 3e49deec9822ddad6b81116aa7cb3e475b1479c2dd7ec3eec1c29b554f21a829
07-21 10:46 root         INFO     + FILE brcm/brcmfmac4364b2-pcie.apple,maui-HRPN-m-7.5.txt SHA256 0855b388d6b44c38c4a45a5482a64b168fc104df15cc1f957444bd0f725c0676
07-21 10:46 root         INFO     + FILE brcm/brcmfmac4364b2-pcie.apple,maui-HRPN-m-7.7.txt SHA256 da2f16cba6e7e078142c1fefc230ad7d022994169a8eade5fbaa591165651840
07-21 10:46 root         INFO     + FILE brcm/brcmfmac4364b2-pcie.apple,maui-HRPN-u.txt SHA256 01c14a455d109e384b73e4285bf53613eb292cde6389294faaccb8ec409c773f
07-21 10:46 root         INFO     + LINK brcm/brcmfmac4364b2-pcie.apple,maui.bin brcm/brcmfmac4364b2-pcie.apple,ekans.bin
07-21 10:46 root         INFO     + FILE brcm/brcmfmac4364b2-pcie.apple,maui.clm_blob SHA256 6e3c005b5ecbe24c0cd6d48329c0147b31d67df829c6837c7abd2fbc3a9c8ef6
07-21 10:46 root         INFO     + FILE brcm/brcmfmac4364b2-pcie.apple,maui.txcap_blob SHA256 05f757f9c401369b2c45c18e16b0222e4718217578c78f6add614e5d41f80d2c
07-21 10:46 root         INFO     + FILE brcm/brcmfmac4364b2-pcie.apple,midway-HRPN-m.txt SHA256 5bcfb28052807f4c62135d02c4f517a943f4c662527a76b8e9c9705fca3bd187
07-21 10:46 root         INFO     + FILE brcm/brcmfmac4364b2-pcie.apple,midway-HRPN-u.txt SHA256 aaddc36d1875e06d5b23ad314102f6529bbfe50669ea39f7369b5aa47fdc7bff
07-21 10:46 root         INFO     + LINK brcm/brcmfmac4364b2-pcie.apple,midway.bin brcm/brcmfmac4364b2-pcie.apple,ekans.bin
07-21 10:46 root         INFO     + FILE brcm/brcmfmac4364b2-pcie.apple,midway.clm_blob SHA256 33a9b6da66ee2561a0724f801dfbbec171eda44d5ca3e9eccac6c7b603171d3a
07-21 10:46 root         INFO     + FILE brcm/brcmfmac4364b2-pcie.apple,midway.txcap_blob SHA256 1e780394d42a2ad2a85a7329edc43a52648b40f702f82917d20fe10cb23b524e
07-21 10:46 root         INFO     + FILE brcm/brcmfmac4364b2-pcie.apple,nihau-HRPN-m.txt SHA256 6df3c62b20f359428ad2671dd73594ab690b2497ba2ca6a83700127214afd8f1
07-21 10:46 root         INFO     + FILE brcm/brcmfmac4364b2-pcie.apple,nihau-HRPN-u.txt SHA256 c22e4c7330c2c121349e653dcc8dc045778235f0f19913cefe5ecd902c2ef549
07-21 10:46 root         INFO     + LINK brcm/brcmfmac4364b2-pcie.apple,nihau.bin brcm/brcmfmac4364b2-pcie.apple,ekans.bin
07-21 10:46 root         INFO     + FILE brcm/brcmfmac4364b2-pcie.apple,nihau.clm_blob SHA256 357d72ca9bf40de3ea5c7027e153a1c55a64bbb6838c9580e425a9a1b004fceb
07-21 10:46 root         INFO     + FILE brcm/brcmfmac4364b2-pcie.apple,nihau.txcap_blob SHA256 0a0a5227a4cd3af8e83f76504e28f07d180ff161122dcff7a594efc71536657b
07-21 10:46 root         INFO     + FILE brcm/brcmfmac4364b3-pcie.apple,bali-HRPN-m.txt SHA256 9f1ed817311bb7caf25931fdac79e898e349c06bcb266b3fc0e39760daca440d
07-21 10:46 root         INFO     + FILE brcm/brcmfmac4364b3-pcie.apple,bali-HRPN-u.txt SHA256 3379a394ab8e1b883514b677876cd158d654e7377bc35f43ab99f6d2ae37ea25
07-21 10:46 root         INFO     + FILE brcm/brcmfmac4364b3-pcie.apple,bali.bin SHA256 f6f398255f7dab0ce5a3b13699f602e0d0e6d80fdb5c16bb9a282b0a8735412b
07-21 10:46 root         INFO     + FILE brcm/brcmfmac4364b3-pcie.apple,bali.clm_blob SHA256 45e394e7c49d284247cdfec6a7feae982c50a1c2e5c2a1840469107744962808
07-21 10:46 root         INFO     + FILE brcm/brcmfmac4364b3-pcie.apple,bali.txcap_blob SHA256 bdbc1e7043255ddcf2299ec60e47745ef23aa39165694766fe30f03e5b9a66b4
07-21 10:46 root         INFO     + FILE brcm/brcmfmac4364b3-pcie.apple,borneo-HRPN-m.txt SHA256 e720b9f174edb8c05c3aa96415e17719a0b74e9530a2d4edceea2ee398fe8b47
07-21 10:46 root         INFO     + FILE brcm/brcmfmac4364b3-pcie.apple,borneo-HRPN-u-7.7.txt SHA256 140f6b7e0e61e0215086072f32ccd99000cae8e7d037a0f8978f8c3912ce4668
07-21 10:46 root         INFO     + FILE brcm/brcmfmac4364b3-pcie.apple,borneo-HRPN-u-7.9.txt SHA256 acd89323afe4f85eacf1b8c9be1fe8da12ce74552ede2f71d3850777a7ea7320
07-21 10:46 root         INFO     + LINK brcm/brcmfmac4364b3-pcie.apple,borneo.bin brcm/brcmfmac4364b3-pcie.apple,bali.bin
07-21 10:46 root         INFO     + FILE brcm/brcmfmac4364b3-pcie.apple,borneo.clm_blob SHA256 4d8b40a37df4b40f11e7b5b64a4ec6694390a22c3255d3f0055de15e99d817ad
07-21 10:46 root         INFO     + FILE brcm/brcmfmac4364b3-pcie.apple,borneo.txcap_blob SHA256 9467349d53fa7e37aab37159300d68fde2054f540cd82fa0a47032e0bb88f0fb
07-21 10:46 root         INFO     + FILE brcm/brcmfmac4364b3-pcie.apple,hanauma-HRPN-m.txt SHA256 112ba777fa8ba43a25b693e08da2e037f512dae7c262f625b03c927c89e91c91
07-21 10:46 root         INFO     + FILE brcm/brcmfmac4364b3-pcie.apple,hanauma-HRPN-u.txt SHA256 601f54c33d4a47908da11fd3154a6fc55fbd88c547849d869598dcb7e044dd07
07-21 10:46 root         INFO     + LINK brcm/brcmfmac4364b3-pcie.apple,hanauma.bin brcm/brcmfmac4364b3-pcie.apple,bali.bin
07-21 10:46 root         INFO     + FILE brcm/brcmfmac4364b3-pcie.apple,hanauma.clm_blob SHA256 466dee741b51455b2c16bed901f734f7bc19d373a502c62ceca43af988dc4f0a
07-21 10:46 root         INFO     + FILE brcm/brcmfmac4364b3-pcie.apple,hanauma.txcap_blob SHA256 a8f2a6f724b0722191b9f43f051b5d201dc35ac2fe053c3b14c6b505c88ce2d7
07-21 10:46 root         INFO     + FILE brcm/brcmfmac4364b3-pcie.apple,kahana-HRPN-m.txt SHA256 100ac581565bb014e19f81ca2bb0958976dac5b43c05af650c7d4723e8b76f29
07-21 10:46 root         INFO     + FILE brcm/brcmfmac4364b3-pcie.apple,kahana-HRPN-u.txt SHA256 83e60aa38d84ac69310d36c726cf2767af9901765eb6dfcc34b826b49ed54c6b
07-21 10:46 root         INFO     + LINK brcm/brcmfmac4364b3-pcie.apple,kahana.bin brcm/brcmfmac4364b3-pcie.apple,bali.bin
07-21 10:46 root         INFO     + FILE brcm/brcmfmac4364b3-pcie.apple,kahana.clm_blob SHA256 18decc887e780ca0ad799e58114feb7c7ff0a87e9ee0784a541fee66e74fdd98
07-21 10:46 root         INFO     + FILE brcm/brcmfmac4364b3-pcie.apple,kahana.txcap_blob SHA256 ea11b0352039bbd1713d4e1081d2e51119d2d25c168dcadb0b27dc0b3c7691b0
07-21 10:46 root         INFO     + FILE brcm/brcmfmac4364b3-pcie.apple,kure-HRPN-m.txt SHA256 653d42d07239e3d1ba96b5221316d9e0d5d4e9cc5937905b0198454da1329592
07-21 10:46 root         INFO     + FILE brcm/brcmfmac4364b3-pcie.apple,kure-HRPN-u.txt SHA256 9df096fb2fca60aa639cd57c9a44d881de3b76a0cbd3243d4a50dbb4ba9bddca
07-21 10:46 root         INFO     + LINK brcm/brcmfmac4364b3-pcie.apple,kure.bin brcm/brcmfmac4364b3-pcie.apple,bali.bin
07-21 10:46 root         INFO     + FILE brcm/brcmfmac4364b3-pcie.apple,kure.clm_blob SHA256 ba13250128dc120c9fd2ba6707854c3680bf10a4ccb28328a6b2bb66dd0421d0
07-21 10:46 root         INFO     + FILE brcm/brcmfmac4364b3-pcie.apple,kure.txcap_blob SHA256 7366c1826d32739069cef1e3032b975f62f2f6a0ef9c28fa607f3ee0769954e5
07-21 10:46 root         INFO     + FILE brcm/brcmfmac4364b3-pcie.apple,trinidad-HRPN-m.txt SHA256 80d3f4c897dd355cbf6e684e3b9c856c88391fb82b612f9f542fe30d42a5e795
07-21 10:46 root         INFO     + FILE brcm/brcmfmac4364b3-pcie.apple,trinidad-HRPN-u.txt SHA256 621d5e09ca105266f5fae3e48f15730aeacb9b6e92e8adcaadb8a6f3a14c43ef
07-21 10:46 root         INFO     + LINK brcm/brcmfmac4364b3-pcie.apple,trinidad.bin brcm/brcmfmac4364b3-pcie.apple,bali.bin
07-21 10:46 root         INFO     + FILE brcm/brcmfmac4364b3-pcie.apple,trinidad.clm_blob SHA256 accac04c3de2643074c43cc21e51bed7ac6cebb66374c152371acb6c5bb3abcd
07-21 10:46 root         INFO     + FILE brcm/brcmfmac4364b3-pcie.apple,trinidad.txcap_blob SHA256 2cebc3e9d9af39c0c666dbad73a839df907605b6c23d04d4c146d53452b88d87
07-21 10:46 root         INFO     + FILE brcm/brcmfmac4377b3-pcie.apple,fiji-SPPR-m.txt SHA256 abee63f633211b1a30b6ac341d09bf7fb60a8774b05f2d6d79d11a6aa27789fc
07-21 10:46 root         INFO     + FILE brcm/brcmfmac4377b3-pcie.apple,fiji-SPPR-u.txt SHA256 ecdb0cee44568cb3bc1e19a6dda160076dcefffc0f18882ad88b191b1e7dfd15
07-21 10:46 root         INFO     + FILE brcm/brcmfmac4377b3-pcie.apple,fiji.bin SHA256 9d1682ca7bdfc964e5ad26de5e7ca7437a34e1ae13e6b816954214a665f3f604
07-21 10:46 root         INFO     + FILE brcm/brcmfmac4377b3-pcie.apple,fiji.clm_blob SHA256 2d14042c6486c90cd66a78f8d5e8391bd74e72c5cea4e86fc3c17f23724413a0
07-21 10:46 root         INFO     + FILE brcm/brcmfmac4377b3-pcie.apple,fiji.txcap_blob SHA256 22be57cec09747b4f40ce077d73ccd3bcf91ac3446463b14983dd3c9971bd56f
07-21 10:46 root         INFO     + LINK brcm/brcmfmac4377b3-pcie.apple,formosa-SPPR-m.txt brcm/brcmfmac4377b3-pcie.apple,fiji-SPPR-m.txt
07-21 10:46 root         INFO     + LINK brcm/brcmfmac4377b3-pcie.apple,formosa-SPPR-u.txt brcm/brcmfmac4377b3-pcie.apple,fiji-SPPR-u.txt
07-21 10:46 root         INFO     + LINK brcm/brcmfmac4377b3-pcie.apple,formosa.bin brcm/brcmfmac4377b3-pcie.apple,fiji.bin
07-21 10:46 root         INFO     + FILE brcm/brcmfmac4377b3-pcie.apple,formosa.clm_blob SHA256 6f1b249c3de06827106fb506ee49a7fb0fc8510558c6d2e90abc2678835f2371
07-21 10:46 root         INFO     + FILE brcm/brcmfmac4377b3-pcie.apple,formosa.txcap_blob SHA256 73c95d58932fa7a5c46e5316d5e0e051a01b9800273db02f52fde51e404b2bb3
07-21 10:46 root         INFO     + LINK brcm/brcmfmac4377b3-pcie.apple,tahiti-SPPR-m.txt brcm/brcmfmac4377b3-pcie.apple,fiji-SPPR-m.txt
07-21 10:46 root         INFO     + LINK brcm/brcmfmac4377b3-pcie.apple,tahiti-SPPR-u.txt brcm/brcmfmac4377b3-pcie.apple,fiji-SPPR-u.txt
07-21 10:46 root         INFO     + LINK brcm/brcmfmac4377b3-pcie.apple,tahiti.bin brcm/brcmfmac4377b3-pcie.apple,fiji.bin
07-21 10:46 root         INFO     + FILE brcm/brcmfmac4377b3-pcie.apple,tahiti.clm_blob SHA256 5ddaf27cc923b4e0ffca15be62645eaa71ec6e4c6e74dab3568afc9d70408fe7
07-21 10:46 root         INFO     + FILE brcm/brcmfmac4377b3-pcie.apple,tahiti.txcap_blob SHA256 670ea935de6e350035487762c0b7257dc9ad6eb5e99f1b76d067d9bccfd25d0a
07-21 10:46 root         INFO     + FILE brcm/brcmfmac4378b1-pcie.apple,atlantisb-RASP-m.txt SHA256 a88c2cb801fcbdca0672eb88d014d63ef526a042086de1a478abc4dfd967f60a
07-21 10:46 root         INFO     + FILE brcm/brcmfmac4378b1-pcie.apple,atlantisb-RASP-u.txt SHA256 1d6ac9ad32d42087db8a7d910325a30e9e10fae70fba161f8855a792c321a9d0
07-21 10:46 root         INFO     + FILE brcm/brcmfmac4378b1-pcie.apple,atlantisb.bin SHA256 c1c8e9ac706099da73b3657ccc2c44d5f3e42505979e0328923cc28940b90091
07-21 10:46 root         INFO     + FILE brcm/brcmfmac4378b1-pcie.apple,atlantisb.clm_blob SHA256 322fbc347d7ee69d8db0bb8483c9e7e8ac711390b1f4dd951c12c5ec153f4ab8
07-21 10:46 root         INFO     + FILE brcm/brcmfmac4378b1-pcie.apple,atlantisb.txcap_blob SHA256 6b517281b2b87a57bb9489c55fd25eec8ea9ec6ef451b1f3da0a3ed0834da112
07-21 10:46 root         INFO     + FILE brcm/brcmfmac4378b1-pcie.apple,capri-RASP-m.txt SHA256 60dd51538b4bf36da5b4da5a7ad0e28575f5e1e886f4a75897f567540bde3d74
07-21 10:46 root         INFO     + FILE brcm/brcmfmac4378b1-pcie.apple,capri-RASP-u.txt SHA256 baa5d25137d165c557b7f64600c7af51bf26f3a9a5450054567212b2346560ea
07-21 10:46 root         INFO     + FILE brcm/brcmfmac4378b1-pcie.apple,capri.bin SHA256 c3f183034b338b2344088f15f5973ebaa85e4722ae00ffca09daa5ecd089d69e
07-21 10:46 root         INFO     + FILE brcm/brcmfmac4378b1-pcie.apple,capri.clm_blob SHA256 931d4bfb903fb62a57dbcd16739ee071db2f962a5de31c0a4168213d438f6b09
07-21 10:46 root         INFO     + FILE brcm/brcmfmac4378b1-pcie.apple,capri.txcap_blob SHA256 00ee341a1a170d05be7bd79261de06f3f736e3c551f8524a76cd2744c39cf69a
07-21 10:46 root         INFO     + FILE brcm/brcmfmac4378b1-pcie.apple,honshu-RASP-m.txt SHA256 f504897e50fdd34ecb50772ff5f214559981f05609bc7eaa92177411ca4ef8e5
07-21 10:46 root         INFO     + FILE brcm/brcmfmac4378b1-pcie.apple,honshu-RASP-u.txt SHA256 55025ba4235210fb5a0f04377470030b1154383c0c629b4afef02c4bf9fdaeae
07-21 10:46 root         INFO     + LINK brcm/brcmfmac4378b1-pcie.apple,honshu.bin brcm/brcmfmac4378b1-pcie.apple,atlantisb.bin
07-21 10:46 root         INFO     + FILE brcm/brcmfmac4378b1-pcie.apple,honshu.clm_blob SHA256 595abdaf40bca15581e435272797fd822f211da2ad7f7dd057e31a8a82c28488
07-21 10:46 root         INFO     + FILE brcm/brcmfmac4378b1-pcie.apple,honshu.txcap_blob SHA256 2a32d180d36c27f5e4cefde2bab082b7f9afe16069de0ed405cf4ba3814e2f55
07-21 10:46 root         INFO     + LINK brcm/brcmfmac4378b1-pcie.apple,kyushu.bin brcm/brcmfmac4378b1-pcie.apple,atlantisb.bin
07-21 10:46 root         INFO     + FILE brcm/brcmfmac4378b1-pcie.apple,kyushu.clm_blob SHA256 4067a212d1fec5c1f30f2e65f07ceb567b6672bb2fb4d4b1c83ef6141bd9a9f5
07-21 10:46 root         INFO     + FILE brcm/brcmfmac4378b1-pcie.apple,kyushu.txcap_blob SHA256 745736b4ba14c91eb97a10fa0a9b56d4ea8ef5a15636971896a0728a748ff594
07-21 10:46 root         INFO     + LINK brcm/brcmfmac4378b1-pcie.apple,kyushu.txt brcm/brcmfmac4378b1-pcie.apple,honshu-RASP-u.txt
07-21 10:46 root         INFO     + FILE brcm/brcmfmac4378b1-pcie.apple,santorini-RASP-m.txt SHA256 2d3e12746b2368e080830561c6def519a3ceee814471725b0bcafb9abde77f91
07-21 10:46 root         INFO     + FILE brcm/brcmfmac4378b1-pcie.apple,santorini-RASP-u.txt SHA256 ceaf871197ca9fbadf1f3d907d7ced9876da40a3cc49fcab7b5c5e5663c17086
07-21 10:46 root         INFO     + LINK brcm/brcmfmac4378b1-pcie.apple,santorini.bin brcm/brcmfmac4378b1-pcie.apple,capri.bin
07-21 10:46 root         INFO     + FILE brcm/brcmfmac4378b1-pcie.apple,santorini.clm_blob SHA256 e68dc2eeb03ed269662c284ccaac95e91c9b9f4a3f61fb48f44388776daa4ca1
07-21 10:46 root         INFO     + FILE brcm/brcmfmac4378b1-pcie.apple,santorini.txcap_blob SHA256 cbf910c034e969d5ffc1604e72cbe2698bfbfe51fc3bdb824051590f2142e700
07-21 10:46 root         INFO     + FILE brcm/brcmfmac4378b1-pcie.apple,shikoku-RASP-m.txt SHA256 a293ce46ef655e7411153d515cb18c787512c692e5556534074f8cb7f3a3bb4e
07-21 10:46 root         INFO     + FILE brcm/brcmfmac4378b1-pcie.apple,shikoku-RASP-u.txt SHA256 d3af98e743a8528167d81dacd03de203e2d4c334ece0af5a8d72c4c4aff1b0eb
07-21 10:46 root         INFO     + LINK brcm/brcmfmac4378b1-pcie.apple,shikoku.bin brcm/brcmfmac4378b1-pcie.apple,atlantisb.bin
07-21 10:46 root         INFO     + FILE brcm/brcmfmac4378b1-pcie.apple,shikoku.clm_blob SHA256 aeeeeacffafba8b2d7dad8d9505501d3f6fb9ae195111c1c808ea24adc7fa037
07-21 10:46 root         INFO     + FILE brcm/brcmfmac4378b1-pcie.apple,shikoku.txcap_blob SHA256 2bc0be89cfe244dd8d228b1fc710513da26b43795c7e83c2991a1444eda2e3f6
07-21 10:46 root         INFO     + FILE brcm/brcmfmac4378b3-pcie.apple,kyushu.bin SHA256 5103e743c3d65766b8c671c8ce8169dacce307b01d4d520ab5b6d4594a6b473a
07-21 10:46 root         INFO     + FILE brcm/brcmfmac4378b3-pcie.apple,kyushu.clm_blob SHA256 8e739bec6d2205eddf76dbb3623f4feb40967241c342a5d420b9b9ac3d96f147
07-21 10:46 root         INFO     + FILE brcm/brcmfmac4378b3-pcie.apple,kyushu.txcap_blob SHA256 35b9508eca6b0f2327d6863145a4fbc0fa4ed452469c4f396e1395fcc211457e
07-21 10:46 root         INFO     + LINK brcm/brcmfmac4378b3-pcie.apple,kyushu.txt brcm/brcmfmac4378b1-pcie.apple,honshu-RASP-u.txt
07-21 10:46 root         INFO     + FILE brcm/brcmfmac4387c2-pcie.apple,hokkaido.bin SHA256 0c209ef0d3c42642c97ab33e18bb6949d2b161c3d5b4aa0b95a1de24353a5cdf
07-21 10:46 root         INFO     + FILE brcm/brcmfmac4387c2-pcie.apple,hokkaido.clm_blob SHA256 b6702142323cf58159fc86ce7eb7edbc768c58e11557df5a40dfaa578d30ebad
07-21 10:46 root         INFO     + FILE brcm/brcmfmac4387c2-pcie.apple,hokkaido.txcap_blob SHA256 c0366d08737a20a3f5eae31053d3f6db402b1e2dd31a9fd96f28d689e3d88893
07-21 10:46 root         INFO     + FILE brcm/brcmfmac4387c2-pcie.apple,hokkaido.txt SHA256 542b9c536335f5e1015446379e643353e3c7e68b23d167164ae1150f66e01bd1
07-21 10:46 root         INFO     + LINK brcm/brcmfmac4387c2-pcie.apple,madagascar.bin brcm/brcmfmac4387c2-pcie.apple,hokkaido.bin
07-21 10:46 root         INFO     + FILE brcm/brcmfmac4387c2-pcie.apple,madagascar.clm_blob SHA256 90deee506b60738c2425f2fd545361e7fd7946a25c79be7a4c790b81949093f3
07-21 10:46 root         INFO     + FILE brcm/brcmfmac4387c2-pcie.apple,madagascar.txcap_blob SHA256 4a3c084e91b03abe2b09f04a1dd9fd9ac3ed839bc2d3aa6ba54d5ce2faae32f0
07-21 10:46 root         INFO     + FILE brcm/brcmfmac4387c2-pcie.apple,madagascar.txt SHA256 17635f606ec6a3106397371722bf3cb0a21678cd849487a826e74b008454c826
07-21 10:46 root         INFO     + LINK brcm/brcmfmac4387c2-pcie.apple,maldives.bin brcm/brcmfmac4387c2-pcie.apple,hokkaido.bin
07-21 10:46 root         INFO     + FILE brcm/brcmfmac4387c2-pcie.apple,maldives.clm_blob SHA256 918af61eb6b5d5174da4e119aee2c9b9ac3a32cce2a1ef99cffc8794423c2f2b
07-21 10:46 root         INFO     + FILE brcm/brcmfmac4387c2-pcie.apple,maldives.txcap_blob SHA256 d65a89c05f66750355da370c5661815eeb3e31fc2b81b2462f114edf4dad9fb6
07-21 10:46 root         INFO     + FILE brcm/brcmfmac4387c2-pcie.apple,maldives.txt SHA256 78005025f58b5d6da38bf2fd55d3514f2b896298f0a427260443bf6d519e3649
07-21 10:46 root         INFO     + FILE brcm/brcmfmac4387c2-pcie.apple,okinawa.bin SHA256 cbf0ef654487ea5de3c9a1d87129cd3c77016b6bb642c31c9c5d984e040184e3
07-21 10:46 root         INFO     + FILE brcm/brcmfmac4387c2-pcie.apple,okinawa.clm_blob SHA256 effddf30491622bd7e5986b3f5c666d3445969d7380948e1bbd5549dd4cede4c
07-21 10:46 root         INFO     + FILE brcm/brcmfmac4387c2-pcie.apple,okinawa.txcap_blob SHA256 3b72aa2ed023c5d45bdf01f23f0cbf5469306abd4e4527b665c5c8aa2842038b
07-21 10:46 root         INFO     + FILE brcm/brcmfmac4387c2-pcie.apple,okinawa.txt SHA256 e42613475d9d5cf350809903fd830dfb827a49d9c382177cebffaff5ab6d5e1b
07-21 10:46 root         INFO     + LINK brcm/brcmfmac4387c2-pcie.apple,snake.bin brcm/brcmfmac4387c2-pcie.apple,hokkaido.bin
07-21 10:46 root         INFO     + FILE brcm/brcmfmac4387c2-pcie.apple,snake.clm_blob SHA256 4c12f8f9148ac7985188be51d84257907e99c6b256899c6fc14d1bf22dcb5622
07-21 10:46 root         INFO     + FILE brcm/brcmfmac4387c2-pcie.apple,snake.txcap_blob SHA256 2cd90c676945f525ee1d7da4472a4a1550f74e476627ed87dc6d03b674c7fa31
07-21 10:46 root         INFO     + FILE brcm/brcmfmac4387c2-pcie.apple,snake.txt SHA256 0b04307b26b2799af170288c50f39b07ebea68c948a10857c15e70ad5f79de90
07-21 10:46 root         INFO     + FILE brcm/brcmfmac4388b0-pcie.apple,amami-WLMT-u-1.1.txt SHA256 55cf30ed1f858e002b88c61c1026bd99be2206344fd0b341cae1e5b0a59bcf9a
07-21 10:46 root         INFO     + LINK brcm/brcmfmac4388b0-pcie.apple,amami-WLMT-u-2.1.txt brcm/brcmfmac4388b0-pcie.apple,amami-WLMT-u-1.1.txt
07-21 10:46 root         INFO     + LINK brcm/brcmfmac4388b0-pcie.apple,amami-WLMT-u-2.3.txt brcm/brcmfmac4388b0-pcie.apple,amami-WLMT-u-1.1.txt
07-21 10:46 root         INFO     + LINK brcm/brcmfmac4388b0-pcie.apple,amami-WLMT-u-2.5.txt brcm/brcmfmac4388b0-pcie.apple,amami-WLMT-u-1.1.txt
07-21 10:46 root         INFO     + LINK brcm/brcmfmac4388b0-pcie.apple,amami-WLMT-u-2.7.txt brcm/brcmfmac4388b0-pcie.apple,amami-WLMT-u-1.1.txt
07-21 10:46 root         INFO     + LINK brcm/brcmfmac4388b0-pcie.apple,amami-WLMT-u-2.9.txt brcm/brcmfmac4388b0-pcie.apple,amami-WLMT-u-1.1.txt
07-21 10:46 root         INFO     + LINK brcm/brcmfmac4388b0-pcie.apple,amami-WLMT-u-3.1.txt brcm/brcmfmac4388b0-pcie.apple,amami-WLMT-u-1.1.txt
07-21 10:46 root         INFO     + LINK brcm/brcmfmac4388b0-pcie.apple,amami-WLMT-u-3.3.txt brcm/brcmfmac4388b0-pcie.apple,amami-WLMT-u-1.1.txt
07-21 10:46 root         INFO     + LINK brcm/brcmfmac4388b0-pcie.apple,amami-WLMT-u-3.5.txt brcm/brcmfmac4388b0-pcie.apple,amami-WLMT-u-1.1.txt
07-21 10:46 root         INFO     + FILE brcm/brcmfmac4388b0-pcie.apple,amami-WLMT-u-4.1.txt SHA256 484c4770d60da8de4a4ba1abf77891c2db1b7d3b7b8f9748894044f81e25237b
07-21 10:46 root         INFO     + FILE brcm/brcmfmac4388b0-pcie.apple,amami.bin SHA256 d011649f88bc82f78ab970844d8280a359b30b8867e2b00a2601bf08d7e97dfc
07-21 10:46 root         INFO     + FILE brcm/brcmfmac4388b0-pcie.apple,amami.clm_blob SHA256 33f1c84322a4b0b37449fed833e0a701c7383d8b363c3b8697fda6344d9f87cf
07-21 10:46 root         INFO     + FILE brcm/brcmfmac4388b0-pcie.apple,amami.sig SHA256 40eb0c189ca33552c6d3942b3ffc92f8b7ce44c33ebe889467a1865c35e9684c
07-21 10:46 root         INFO     + FILE brcm/brcmfmac4388b0-pcie.apple,amami.txcap_blob SHA256 a1375cd0efd2d83eb73d224dc913c2cf4f772edeb9e693665da8f519b39bc0e8
07-21 10:46 root         INFO     + FILE brcm/brcmfmac4388b0-pcie.apple,canary-WLMT-u-1.1.txt SHA256 53cddefda6d7f4ee7c40f46d5201720658a53f34a2e7bf3903f2b8792a495a86
07-21 10:46 root         INFO     + LINK brcm/brcmfmac4388b0-pcie.apple,canary-WLMT-u-2.1.txt brcm/brcmfmac4388b0-pcie.apple,canary-WLMT-u-1.1.txt
07-21 10:46 root         INFO     + LINK brcm/brcmfmac4388b0-pcie.apple,canary-WLMT-u-2.3.txt brcm/brcmfmac4388b0-pcie.apple,canary-WLMT-u-1.1.txt
07-21 10:46 root         INFO     + LINK brcm/brcmfmac4388b0-pcie.apple,canary-WLMT-u-2.5.txt brcm/brcmfmac4388b0-pcie.apple,canary-WLMT-u-1.1.txt
07-21 10:46 root         INFO     + LINK brcm/brcmfmac4388b0-pcie.apple,canary-WLMT-u-2.7.txt brcm/brcmfmac4388b0-pcie.apple,canary-WLMT-u-1.1.txt
07-21 10:46 root         INFO     + LINK brcm/brcmfmac4388b0-pcie.apple,canary-WLMT-u-2.9.txt brcm/brcmfmac4388b0-pcie.apple,canary-WLMT-u-1.1.txt
07-21 10:46 root         INFO     + LINK brcm/brcmfmac4388b0-pcie.apple,canary-WLMT-u-3.1.txt brcm/brcmfmac4388b0-pcie.apple,canary-WLMT-u-1.1.txt
07-21 10:46 root         INFO     + LINK brcm/brcmfmac4388b0-pcie.apple,canary-WLMT-u-3.3.txt brcm/brcmfmac4388b0-pcie.apple,canary-WLMT-u-1.1.txt
07-21 10:46 root         INFO     + LINK brcm/brcmfmac4388b0-pcie.apple,canary-WLMT-u-3.5.txt brcm/brcmfmac4388b0-pcie.apple,canary-WLMT-u-1.1.txt
07-21 10:46 root         INFO     + FILE brcm/brcmfmac4388b0-pcie.apple,canary-WLMT-u-4.1.txt SHA256 057a002d988ba526fbd9cb9bba5dc5580a52f9f53be20662e81d107d17c20542
07-21 10:46 root         INFO     + FILE brcm/brcmfmac4388b0-pcie.apple,canary.bin SHA256 de1935053397211ea153a9be9ecbe2fc4e9ca0447e5877153729098ee76dd023
07-21 10:46 root         INFO     + FILE brcm/brcmfmac4388b0-pcie.apple,canary.clm_blob SHA256 f1fb26098bce14db288d2fb1b3387a1b04a4ad65c8a5f655aef86270159a957c
07-21 10:46 root         INFO     + FILE brcm/brcmfmac4388b0-pcie.apple,canary.sig SHA256 7efc4e3f3781391e36d0ab91a12be5b9551301319c3909ec158345260fa30b2d
07-21 10:46 root         INFO     + FILE brcm/brcmfmac4388b0-pcie.apple,canary.txcap_blob SHA256 9f6efb000270cf7c957c3d2193b8ecdbfc12d06c52b4426d2515e354daeff54b
07-21 10:46 root         INFO     + LINK brcm/brcmfmac4388b0-pcie.apple,java-WLMT-u-1.1.txt brcm/brcmfmac4388b0-pcie.apple,canary-WLMT-u-1.1.txt
07-21 10:46 root         INFO     + LINK brcm/brcmfmac4388b0-pcie.apple,java-WLMT-u-2.1.txt brcm/brcmfmac4388b0-pcie.apple,canary-WLMT-u-1.1.txt
07-21 10:46 root         INFO     + LINK brcm/brcmfmac4388b0-pcie.apple,java-WLMT-u-2.3.txt brcm/brcmfmac4388b0-pcie.apple,canary-WLMT-u-1.1.txt
07-21 10:46 root         INFO     + LINK brcm/brcmfmac4388b0-pcie.apple,java-WLMT-u-2.5.txt brcm/brcmfmac4388b0-pcie.apple,canary-WLMT-u-1.1.txt
07-21 10:46 root         INFO     + LINK brcm/brcmfmac4388b0-pcie.apple,java-WLMT-u-2.7.txt brcm/brcmfmac4388b0-pcie.apple,canary-WLMT-u-1.1.txt
07-21 10:46 root         INFO     + LINK brcm/brcmfmac4388b0-pcie.apple,java-WLMT-u-2.9.txt brcm/brcmfmac4388b0-pcie.apple,canary-WLMT-u-1.1.txt
07-21 10:46 root         INFO     + LINK brcm/brcmfmac4388b0-pcie.apple,java-WLMT-u-3.1.txt brcm/brcmfmac4388b0-pcie.apple,canary-WLMT-u-1.1.txt
07-21 10:46 root         INFO     + LINK brcm/brcmfmac4388b0-pcie.apple,java-WLMT-u-3.3.txt brcm/brcmfmac4388b0-pcie.apple,canary-WLMT-u-1.1.txt
07-21 10:46 root         INFO     + LINK brcm/brcmfmac4388b0-pcie.apple,java-WLMT-u-3.5.txt brcm/brcmfmac4388b0-pcie.apple,canary-WLMT-u-1.1.txt
07-21 10:46 root         INFO     + LINK brcm/brcmfmac4388b0-pcie.apple,java-WLMT-u-4.1.txt brcm/brcmfmac4388b0-pcie.apple,canary-WLMT-u-4.1.txt
07-21 10:46 root         INFO     + LINK brcm/brcmfmac4388b0-pcie.apple,java.bin brcm/brcmfmac4388b0-pcie.apple,canary.bin
07-21 10:46 root         INFO     + FILE brcm/brcmfmac4388b0-pcie.apple,java.clm_blob SHA256 31f7a9a66e24b3df4558bf85ddd00988f8c7c6179b8790b91e6e3642b928585b
07-21 10:46 root         INFO     + LINK brcm/brcmfmac4388b0-pcie.apple,java.sig brcm/brcmfmac4388b0-pcie.apple,canary.sig
07-21 10:46 root         INFO     + FILE brcm/brcmfmac4388b0-pcie.apple,java.txcap_blob SHA256 4cf6a3319339b6605d724b5606669ecafe79e2519308cfdccaf2160f6b924949
07-21 10:46 root         INFO     + FILE brcm/brcmfmac4388b0-pcie.apple,miyake-WLMT-u-1.1.txt SHA256 d6c9fa07c56242cc50abedf31054d79813dd6d7713c709e1f123b4bdc9feed39
07-21 10:46 root         INFO     + LINK brcm/brcmfmac4388b0-pcie.apple,miyake-WLMT-u-2.1.txt brcm/brcmfmac4388b0-pcie.apple,miyake-WLMT-u-1.1.txt
07-21 10:46 root         INFO     + LINK brcm/brcmfmac4388b0-pcie.apple,miyake-WLMT-u-2.3.txt brcm/brcmfmac4388b0-pcie.apple,miyake-WLMT-u-1.1.txt
07-21 10:46 root         INFO     + LINK brcm/brcmfmac4388b0-pcie.apple,miyake-WLMT-u-2.5.txt brcm/brcmfmac4388b0-pcie.apple,miyake-WLMT-u-1.1.txt
07-21 10:46 root         INFO     + LINK brcm/brcmfmac4388b0-pcie.apple,miyake-WLMT-u-2.7.txt brcm/brcmfmac4388b0-pcie.apple,miyake-WLMT-u-1.1.txt
07-21 10:46 root         INFO     + LINK brcm/brcmfmac4388b0-pcie.apple,miyake-WLMT-u-2.9.txt brcm/brcmfmac4388b0-pcie.apple,miyake-WLMT-u-1.1.txt
07-21 10:46 root         INFO     + LINK brcm/brcmfmac4388b0-pcie.apple,miyake-WLMT-u-3.1.txt brcm/brcmfmac4388b0-pcie.apple,miyake-WLMT-u-1.1.txt
07-21 10:46 root         INFO     + LINK brcm/brcmfmac4388b0-pcie.apple,miyake-WLMT-u-3.3.txt brcm/brcmfmac4388b0-pcie.apple,miyake-WLMT-u-1.1.txt
07-21 10:46 root         INFO     + LINK brcm/brcmfmac4388b0-pcie.apple,miyake-WLMT-u-3.5.txt brcm/brcmfmac4388b0-pcie.apple,miyake-WLMT-u-1.1.txt
07-21 10:46 root         INFO     + FILE brcm/brcmfmac4388b0-pcie.apple,miyake-WLMT-u-4.1.txt SHA256 7c11fc3def83614258e8c08a7166da081afa7cacbd7fe551cf4bfb9dd9d2f323
07-21 10:46 root         INFO     + LINK brcm/brcmfmac4388b0-pcie.apple,miyake.bin brcm/brcmfmac4388b0-pcie.apple,canary.bin
07-21 10:46 root         INFO     + FILE brcm/brcmfmac4388b0-pcie.apple,miyake.clm_blob SHA256 2335cbdecbc72549bb3e6be1e6b293a44774179a4bcacb19eb3fe1afdb8d823a
07-21 10:46 root         INFO     + LINK brcm/brcmfmac4388b0-pcie.apple,miyake.sig brcm/brcmfmac4388b0-pcie.apple,canary.sig
07-21 10:46 root         INFO     + FILE brcm/brcmfmac4388b0-pcie.apple,miyake.txcap_blob SHA256 259ac53dcee77c507b38f4d58a47bdec95f591e9b88c5daf08f426ea59f78402
07-21 10:46 root         INFO     + LINK brcm/brcmfmac4388b0-pcie.apple,sumatra-WLMT-u-1.1.txt brcm/brcmfmac4388b0-pcie.apple,canary-WLMT-u-1.1.txt
07-21 10:46 root         INFO     + LINK brcm/brcmfmac4388b0-pcie.apple,sumatra-WLMT-u-2.1.txt brcm/brcmfmac4388b0-pcie.apple,canary-WLMT-u-1.1.txt
07-21 10:46 root         INFO     + LINK brcm/brcmfmac4388b0-pcie.apple,sumatra-WLMT-u-2.3.txt brcm/brcmfmac4388b0-pcie.apple,canary-WLMT-u-1.1.txt
07-21 10:46 root         INFO     + LINK brcm/brcmfmac4388b0-pcie.apple,sumatra-WLMT-u-2.5.txt brcm/brcmfmac4388b0-pcie.apple,canary-WLMT-u-1.1.txt
07-21 10:46 root         INFO     + LINK brcm/brcmfmac4388b0-pcie.apple,sumatra-WLMT-u-2.7.txt brcm/brcmfmac4388b0-pcie.apple,canary-WLMT-u-1.1.txt
07-21 10:46 root         INFO     + LINK brcm/brcmfmac4388b0-pcie.apple,sumatra-WLMT-u-2.9.txt brcm/brcmfmac4388b0-pcie.apple,canary-WLMT-u-1.1.txt
07-21 10:46 root         INFO     + LINK brcm/brcmfmac4388b0-pcie.apple,sumatra-WLMT-u-3.1.txt brcm/brcmfmac4388b0-pcie.apple,canary-WLMT-u-1.1.txt
07-21 10:46 root         INFO     + LINK brcm/brcmfmac4388b0-pcie.apple,sumatra-WLMT-u-3.3.txt brcm/brcmfmac4388b0-pcie.apple,canary-WLMT-u-1.1.txt
07-21 10:46 root         INFO     + LINK brcm/brcmfmac4388b0-pcie.apple,sumatra-WLMT-u-3.5.txt brcm/brcmfmac4388b0-pcie.apple,canary-WLMT-u-1.1.txt
07-21 10:46 root         INFO     + LINK brcm/brcmfmac4388b0-pcie.apple,sumatra-WLMT-u-4.1.txt brcm/brcmfmac4388b0-pcie.apple,canary-WLMT-u-4.1.txt
07-21 10:46 root         INFO     + LINK brcm/brcmfmac4388b0-pcie.apple,sumatra.bin brcm/brcmfmac4388b0-pcie.apple,canary.bin
07-21 10:46 root         INFO     + FILE brcm/brcmfmac4388b0-pcie.apple,sumatra.clm_blob SHA256 dc51c9e8564def88f360e4c6954125290b87054d430540310fb9370546a4ec65
07-21 10:46 root         INFO     + LINK brcm/brcmfmac4388b0-pcie.apple,sumatra.sig brcm/brcmfmac4388b0-pcie.apple,canary.sig
07-21 10:46 root         INFO     + FILE brcm/brcmfmac4388b0-pcie.apple,sumatra.txcap_blob SHA256 c95e910de5c37314a3908bf823f6431e911938cf813ebecfeeefcd9f45056af8
07-21 10:46 root         INFO     + LINK brcm/brcmfmac4388b0-pcie.apple,tasmania-WLMT-u-1.1.txt brcm/brcmfmac4388b0-pcie.apple,amami-WLMT-u-1.1.txt
07-21 10:46 root         INFO     + LINK brcm/brcmfmac4388b0-pcie.apple,tasmania-WLMT-u-2.1.txt brcm/brcmfmac4388b0-pcie.apple,amami-WLMT-u-1.1.txt
07-21 10:46 root         INFO     + LINK brcm/brcmfmac4388b0-pcie.apple,tasmania-WLMT-u-2.3.txt brcm/brcmfmac4388b0-pcie.apple,amami-WLMT-u-1.1.txt
07-21 10:46 root         INFO     + LINK brcm/brcmfmac4388b0-pcie.apple,tasmania-WLMT-u-2.5.txt brcm/brcmfmac4388b0-pcie.apple,amami-WLMT-u-1.1.txt
07-21 10:46 root         INFO     + LINK brcm/brcmfmac4388b0-pcie.apple,tasmania-WLMT-u-2.7.txt brcm/brcmfmac4388b0-pcie.apple,amami-WLMT-u-1.1.txt
07-21 10:46 root         INFO     + LINK brcm/brcmfmac4388b0-pcie.apple,tasmania-WLMT-u-2.9.txt brcm/brcmfmac4388b0-pcie.apple,amami-WLMT-u-1.1.txt
07-21 10:46 root         INFO     + LINK brcm/brcmfmac4388b0-pcie.apple,tasmania-WLMT-u-3.1.txt brcm/brcmfmac4388b0-pcie.apple,amami-WLMT-u-1.1.txt
07-21 10:46 root         INFO     + LINK brcm/brcmfmac4388b0-pcie.apple,tasmania-WLMT-u-3.3.txt brcm/brcmfmac4388b0-pcie.apple,amami-WLMT-u-1.1.txt
07-21 10:46 root         INFO     + LINK brcm/brcmfmac4388b0-pcie.apple,tasmania-WLMT-u-3.5.txt brcm/brcmfmac4388b0-pcie.apple,amami-WLMT-u-1.1.txt
07-21 10:46 root         INFO     + LINK brcm/brcmfmac4388b0-pcie.apple,tasmania-WLMT-u-4.1.txt brcm/brcmfmac4388b0-pcie.apple,amami-WLMT-u-4.1.txt
07-21 10:46 root         INFO     + LINK brcm/brcmfmac4388b0-pcie.apple,tasmania.bin brcm/brcmfmac4388b0-pcie.apple,canary.bin
07-21 10:46 root         INFO     + FILE brcm/brcmfmac4388b0-pcie.apple,tasmania.clm_blob SHA256 4c160edd68ceb06999e97b2d66eafbf190145b86b56ad4b4f08682bdc87842c2
07-21 10:46 root         INFO     + LINK brcm/brcmfmac4388b0-pcie.apple,tasmania.sig brcm/brcmfmac4388b0-pcie.apple,canary.sig
07-21 10:46 root         INFO     + LINK brcm/brcmfmac4388b0-pcie.apple,tasmania.txcap_blob brcm/brcmfmac4388b0-pcie.apple,sumatra.txcap_blob
07-21 10:46 root         INFO     + LINK brcm/brcmfmac4388b0-pcie.apple,tokara-WLMT-u-1.1.txt brcm/brcmfmac4388b0-pcie.apple,amami-WLMT-u-1.1.txt
07-21 10:46 root         INFO     + LINK brcm/brcmfmac4388b0-pcie.apple,tokara-WLMT-u-2.1.txt brcm/brcmfmac4388b0-pcie.apple,amami-WLMT-u-1.1.txt
07-21 10:46 root         INFO     + LINK brcm/brcmfmac4388b0-pcie.apple,tokara-WLMT-u-2.3.txt brcm/brcmfmac4388b0-pcie.apple,amami-WLMT-u-1.1.txt
07-21 10:46 root         INFO     + LINK brcm/brcmfmac4388b0-pcie.apple,tokara-WLMT-u-2.5.txt brcm/brcmfmac4388b0-pcie.apple,amami-WLMT-u-1.1.txt
07-21 10:46 root         INFO     + LINK brcm/brcmfmac4388b0-pcie.apple,tokara-WLMT-u-2.7.txt brcm/brcmfmac4388b0-pcie.apple,amami-WLMT-u-1.1.txt
07-21 10:46 root         INFO     + LINK brcm/brcmfmac4388b0-pcie.apple,tokara-WLMT-u-2.9.txt brcm/brcmfmac4388b0-pcie.apple,amami-WLMT-u-1.1.txt
07-21 10:46 root         INFO     + LINK brcm/brcmfmac4388b0-pcie.apple,tokara-WLMT-u-3.1.txt brcm/brcmfmac4388b0-pcie.apple,amami-WLMT-u-1.1.txt
07-21 10:46 root         INFO     + LINK brcm/brcmfmac4388b0-pcie.apple,tokara-WLMT-u-3.3.txt brcm/brcmfmac4388b0-pcie.apple,amami-WLMT-u-1.1.txt
07-21 10:46 root         INFO     + LINK brcm/brcmfmac4388b0-pcie.apple,tokara-WLMT-u-3.5.txt brcm/brcmfmac4388b0-pcie.apple,amami-WLMT-u-1.1.txt
07-21 10:46 root         INFO     + LINK brcm/brcmfmac4388b0-pcie.apple,tokara-WLMT-u-4.1.txt brcm/brcmfmac4388b0-pcie.apple,amami-WLMT-u-4.1.txt
07-21 10:46 root         INFO     + LINK brcm/brcmfmac4388b0-pcie.apple,tokara.bin brcm/brcmfmac4388b0-pcie.apple,amami.bin
07-21 10:46 root         INFO     + FILE brcm/brcmfmac4388b0-pcie.apple,tokara.clm_blob SHA256 34f61bd3dc9f37056a82d10a07619b3db0eff97d8ba6a6c72f2bdfa518103544
07-21 10:46 root         INFO     + LINK brcm/brcmfmac4388b0-pcie.apple,tokara.sig brcm/brcmfmac4388b0-pcie.apple,amami.sig
07-21 10:46 root         INFO     + FILE brcm/brcmfmac4388b0-pcie.apple,tokara.txcap_blob SHA256 7a17dc685d3beef828d706fa804277646b072f2aac3ad385a4b52d61c45de323
07-21 10:46 root         INFO     + FILE brcm/brcmfmac4388c0-pcie.apple,amami.bin SHA256 4961a0b540567e7a9e608589d0ff1a5aae69c6f014781bb6bdf6bc428cc6eaa3
07-21 10:46 root         INFO     + FILE brcm/brcmfmac4388c0-pcie.apple,amami.clm_blob SHA256 1f4b8347b18687d1e4b97463e7533103c94c1f4428170e1e2fa7f2c96761df9f
07-21 10:46 root         INFO     + FILE brcm/brcmfmac4388c0-pcie.apple,amami.sig SHA256 daf324d2ae829408ebc9ecb6b0809879ca9f8d4b23263c5d04fb0cc6f3129db3
07-21 10:46 root         INFO     + FILE brcm/brcmfmac4388c0-pcie.apple,amami.txcap_blob SHA256 2d5662c2ac2265abb94afa5f91853f51909d4e5cc1475ca96f0002642bb1f824
07-21 10:46 root         INFO     + FILE brcm/brcmfmac4388c0-pcie.apple,amami.txt SHA256 aab893ec81380f95203eb6fb4c8a2dc5a48b20f98e56ab2f23122565b4d64d8d
07-21 10:46 root         INFO     + FILE brcm/brcmfmac4388c0-pcie.apple,canary.bin SHA256 3cbce30c8a6ff19d6e323412636616784e81a3bb52151063c19d789b1ab3cc3d
07-21 10:46 root         INFO     + FILE brcm/brcmfmac4388c0-pcie.apple,canary.clm_blob SHA256 f7eea35919e75ad9fbf643fc3a24828ce6aecb22a9f568af58ed5397fa569b8f
07-21 10:46 root         INFO     + FILE brcm/brcmfmac4388c0-pcie.apple,canary.sig SHA256 693ac7dcdccd862788e82432d576688c716efdf2f1d786e86d83fcbe68aa6144
07-21 10:46 root         INFO     + FILE brcm/brcmfmac4388c0-pcie.apple,canary.txcap_blob SHA256 55fdeb127d15dd5901b779278241c2a77fd62cd43d415b48ab8bbaf60e930856
07-21 10:46 root         INFO     + FILE brcm/brcmfmac4388c0-pcie.apple,canary.txt SHA256 5d5a28e69cbcba6ad7d386cbf3db99ac6092100f60b453c899d57a8bf0b35ef2
07-21 10:46 root         INFO     + LINK brcm/brcmfmac4388c0-pcie.apple,java.bin brcm/brcmfmac4388c0-pcie.apple,canary.bin
07-21 10:46 root         INFO     + FILE brcm/brcmfmac4388c0-pcie.apple,java.clm_blob SHA256 dd500213bf58836f56b01d33be4aaad09a48e707577121d05b3c6c4164787dfd
07-21 10:46 root         INFO     + LINK brcm/brcmfmac4388c0-pcie.apple,java.sig brcm/brcmfmac4388c0-pcie.apple,canary.sig
07-21 10:46 root         INFO     + FILE brcm/brcmfmac4388c0-pcie.apple,java.txcap_blob SHA256 0c9169dbf71126a4350f4ccab3daef51277d40e0dc8fb5c149f444790cc5a221
07-21 10:46 root         INFO     + FILE brcm/brcmfmac4388c0-pcie.apple,java.txt SHA256 dc9977365debf2b9345a9d2dc4b150a45e78596698fff0bd35e343f9d75037d7
07-21 10:46 root         INFO     + LINK brcm/brcmfmac4388c0-pcie.apple,miyake.bin brcm/brcmfmac4388c0-pcie.apple,canary.bin
07-21 10:46 root         INFO     + FILE brcm/brcmfmac4388c0-pcie.apple,miyake.clm_blob SHA256 47726bf56414a2f4db38826cc23501395318426c295937f5b7529caf0c295712
07-21 10:46 root         INFO     + LINK brcm/brcmfmac4388c0-pcie.apple,miyake.sig brcm/brcmfmac4388c0-pcie.apple,canary.sig
07-21 10:46 root         INFO     + FILE brcm/brcmfmac4388c0-pcie.apple,miyake.txcap_blob SHA256 111d1f7306bd59dc62d532080d2b395b4f011bb1af1e724d618a584241cc474f
07-21 10:46 root         INFO     + FILE brcm/brcmfmac4388c0-pcie.apple,miyake.txt SHA256 331fca4c406e280d276f600dd28dbd4da435acafff308b46bf37f9dddf7642ae
07-21 10:46 root         INFO     + LINK brcm/brcmfmac4388c0-pcie.apple,sumatra.bin brcm/brcmfmac4388c0-pcie.apple,canary.bin
07-21 10:46 root         INFO     + FILE brcm/brcmfmac4388c0-pcie.apple,sumatra.clm_blob SHA256 8c7288b4ce1e506bd648d277a94ce330595a9c3ee57945b171782a64ca23f400
07-21 10:46 root         INFO     + LINK brcm/brcmfmac4388c0-pcie.apple,sumatra.sig brcm/brcmfmac4388c0-pcie.apple,canary.sig
07-21 10:46 root         INFO     + FILE brcm/brcmfmac4388c0-pcie.apple,sumatra.txcap_blob SHA256 a1bbe88a4fdbc6c847b6e978782c84d97cadf37f2ddfa1ffad355efeec619326
07-21 10:46 root         INFO     + FILE brcm/brcmfmac4388c0-pcie.apple,sumatra.txt SHA256 3b3b7d71200bed4f6add2064bbcc05188f4089cc6702faaa8f0f74811c82ed3a
07-21 10:46 root         INFO     + LINK brcm/brcmfmac4388c0-pcie.apple,tasmania.bin brcm/brcmfmac4388c0-pcie.apple,canary.bin
07-21 10:46 root         INFO     + FILE brcm/brcmfmac4388c0-pcie.apple,tasmania.clm_blob SHA256 2e2f9db5fe47363f93355051e2819d118210f75bf4dd648b34326fa8a9c901aa
07-21 10:46 root         INFO     + LINK brcm/brcmfmac4388c0-pcie.apple,tasmania.sig brcm/brcmfmac4388c0-pcie.apple,canary.sig
07-21 10:46 root         INFO     + FILE brcm/brcmfmac4388c0-pcie.apple,tasmania.txcap_blob SHA256 27e131d289b300a26a3986624c16fa5285effccc2b71bd820b9d25e53752b476
07-21 10:46 root         INFO     + FILE brcm/brcmfmac4388c0-pcie.apple,tasmania.txt SHA256 ae68d2b78f508e851a87638d7fdaecc22651df7b165af51ce6036bf35376391f
07-21 10:46 root         INFO     + LINK brcm/brcmfmac4388c0-pcie.apple,tokara.bin brcm/brcmfmac4388c0-pcie.apple,amami.bin
07-21 10:46 root         INFO     + FILE brcm/brcmfmac4388c0-pcie.apple,tokara.clm_blob SHA256 5e7801a4e2027029d8b1f019bf76e68590c4fe130b54a8d377d0b0bc21a14345
07-21 10:46 root         INFO     + LINK brcm/brcmfmac4388c0-pcie.apple,tokara.sig brcm/brcmfmac4388c0-pcie.apple,amami.sig
07-21 10:46 root         INFO     + FILE brcm/brcmfmac4388c0-pcie.apple,tokara.txcap_blob SHA256 0bacf02296a282492c034156bb02d87753923b618fa85ed31c4df9f30619a562
07-21 10:46 root         INFO     + LINK brcm/brcmfmac4388c0-pcie.apple,tokara.txt brcm/brcmfmac4388c0-pcie.apple,amami.txt
07-21 10:46 root         INFO     Collecting Bluetooth firmware
07-21 10:46 root         INFO     + FILE brcm/brcmbt4377b3-apple,formosa.bin SHA256 f47efe29fbd87ab0259818f089ed702de0d2277f81e17352b42f10a6e97b5e88
07-21 10:46 root         INFO     + FILE brcm/brcmbt4377b3-apple,formosa.ptb SHA256 68788bcf14e57ccb8acb95bfc2906c74819ab4949e9a4ef0d2b94ab90ab90823
07-21 10:46 root         INFO     + FILE brcm/brcmbt4378b1-apple,atlantisb-m.bin SHA256 0e0bdc3b3f8749d8cfbbfb48964e191d6ff59a5154473c6138173582fae683f1
07-21 10:46 root         INFO     + FILE brcm/brcmbt4378b1-apple,atlantisb-m.ptb SHA256 75a2726d210d819d5f34e1ca7042ebcd23e2243337ebb8a1eabb97c28839e0a1
07-21 10:46 root         INFO     + FILE brcm/brcmbt4378b1-apple,atlantisb-u.bin SHA256 42adf31e006ae7512eac3290aef8e7df8001493bc50c6bf594f73748d1d45178
07-21 10:46 root         INFO     + LINK brcm/brcmbt4378b1-apple,atlantisb-u.ptb brcm/brcmbt4378b1-apple,atlantisb-m.ptb
07-21 10:46 root         INFO     + FILE brcm/brcmbt4378b1-apple,capri-m.bin SHA256 4cc0e4c05b5c3b745da09920e53031428534e26e7e53d8b61594b573d9abcac2
07-21 10:46 root         INFO     + FILE brcm/brcmbt4378b1-apple,capri-m.ptb SHA256 d6f61e0ccbeaed87345f2e72bb7fdc05cbfd8e03516e60837b54dc75f5406591
07-21 10:46 root         INFO     + FILE brcm/brcmbt4378b1-apple,capri-u.bin SHA256 b69bc33ddb48217385cf17f84479e6316f80a3d69998c9cce1e814b51f50f8b6
07-21 10:46 root         INFO     + LINK brcm/brcmbt4378b1-apple,capri-u.ptb brcm/brcmbt4378b1-apple,capri-m.ptb
07-21 10:46 root         INFO     + FILE brcm/brcmbt4378b1-apple,honshu-m.bin SHA256 de426cdb6767daa3c76b74077c2f333cab531bef2dcb91e82f4f275b84bcf513
07-21 10:46 root         INFO     + FILE brcm/brcmbt4378b1-apple,honshu-m.ptb SHA256 d6644d1425c08cbf92d49e5715bcc7a7999c0f00b02413a83df684d5dc2e2e42
07-21 10:46 root         INFO     + FILE brcm/brcmbt4378b1-apple,honshu-u.bin SHA256 51028283065c0e53c049c1c78f4dd231bafcf50cdf25f851e949dffa630c8f95
07-21 10:46 root         INFO     + LINK brcm/brcmbt4378b1-apple,honshu-u.ptb brcm/brcmbt4378b1-apple,honshu-m.ptb
07-21 10:46 root         INFO     + FILE brcm/brcmbt4378b1-apple,santorini-m.bin SHA256 c52c1de9365a700634f1c4ab1f8ae910e18bcf5f872df63cde6810a6b0e7adab
07-21 10:46 root         INFO     + FILE brcm/brcmbt4378b1-apple,santorini-m.ptb SHA256 0c19a717f47584bf0bab2ad8947625db0de0411a38c02b3ce0fad21f0fe7e07d
07-21 10:46 root         INFO     + FILE brcm/brcmbt4378b1-apple,santorini-u.bin SHA256 eb8996393dc2f509e0fd05373f003c4e83c7da5b4711344acaf56145dcc53425
07-21 10:46 root         INFO     + LINK brcm/brcmbt4378b1-apple,santorini-u.ptb brcm/brcmbt4378b1-apple,santorini-m.ptb
07-21 10:46 root         INFO     + FILE brcm/brcmbt4378b1-apple,shikoku-m.bin SHA256 ae0295520c40fea41a341907ac3f530c5577809c38b8167c1ea1799de4940d87
07-21 10:46 root         INFO     + FILE brcm/brcmbt4378b1-apple,shikoku-m.ptb SHA256 01f059c62863ab3b2a1a85712451e67b2d921864d0f85529c1de664734c11645
07-21 10:46 root         INFO     + FILE brcm/brcmbt4378b1-apple,shikoku-u.bin SHA256 de5c3a1dd3e5d559a428565b12ea7a9186771dabc243074f5965a208805ad65a
07-21 10:46 root         INFO     + LINK brcm/brcmbt4378b1-apple,shikoku-u.ptb brcm/brcmbt4378b1-apple,shikoku-m.ptb
07-21 10:46 root         INFO     + FILE brcm/brcmbt4378b3-apple,kyushu-u.bin SHA256 7372c73bbf803a8ad25b8dbd7c300a8cb2b31587829416f53d9b59b193f0fa61
07-21 10:46 root         INFO     + LINK brcm/brcmbt4378b3-apple,kyushu-u.ptb brcm/brcmbt4378b1-apple,honshu-m.ptb
07-21 10:46 root         INFO     + FILE brcm/brcmbt4387c2-apple,hokkaido-u.bin SHA256 ad76b8aaa7bd5352c08e7642871de432e233a5b227b79af876179b8e1ff4f9cc
07-21 10:46 root         INFO     + FILE brcm/brcmbt4387c2-apple,hokkaido-u.ptb SHA256 979c51e8bbb37657de0e49e964922a9ee3aee83a5e63df6ff88b0714b74c4a98
07-21 10:46 root         INFO     + FILE brcm/brcmbt4387c2-apple,madagascar-u.bin SHA256 94eafac5a8885ebb2194acf52e380d2dbdacf8077d0330d2c8e0c1ad67b68196
07-21 10:46 root         INFO     + FILE brcm/brcmbt4387c2-apple,madagascar-u.ptb SHA256 754c5e3d73c9c9e07a5e54bb8386f01269c2c1016cf5237ed1ebe66a697c9971
07-21 10:46 root         INFO     + FILE brcm/brcmbt4387c2-apple,maldives-u.bin SHA256 61ccac5a875ead76bf845afb5127bf0417a8d474d34c13f325a2f602eb0be524
07-21 10:46 root         INFO     + FILE brcm/brcmbt4387c2-apple,maldives-u.ptb SHA256 992bb635f267c385a4ead8d217a34256a4e59dc2d6c7586f627b3c99b373333b
07-21 10:46 root         INFO     + FILE brcm/brcmbt4387c2-apple,okinawa-u.bin SHA256 009476ef7a73d7d198bdeeee9a66808526cd1063140544ceb4a71b9b835455d2
07-21 10:46 root         INFO     + FILE brcm/brcmbt4387c2-apple,okinawa-u.ptb SHA256 77853c87c0bab51be2039694b850526644a3e450eee2d64cdf69989e9adc375d
07-21 10:46 root         INFO     + FILE brcm/brcmbt4387c2-apple,snake-u.bin SHA256 0bc7af562adc23628ceb5928578223744fe0e0b27c4eb5e413cd9d46212dbbfe
07-21 10:46 root         INFO     + FILE brcm/brcmbt4387c2-apple,snake-u.ptb SHA256 5936f918f613a740227a7b152d799b56ca9066237a91dddb14189a97a4305b25
07-21 10:46 root         INFO     + FILE brcm/brcmbt4388b0-apple,amami-u.bin SHA256 c7b7c43d32c444a44a0aa7079ebbca08eeffb26a7c58a8765f9defb9d29269ac
07-21 10:46 root         INFO     + LINK brcm/brcmbt4388b0-apple,miyake-u.bin brcm/brcmbt4388b0-apple,amami-u.bin
07-21 10:46 root         INFO     + FILE brcm/brcmbt4388b0-apple,miyake-u.ptb SHA256 d3f0629cbfe4e7d1bca2900f2a628b5dc9a810dfdc8b7c81d8b79c464b97edfe
07-21 10:46 root         INFO     + LINK brcm/brcmbt4388b0-apple,tokara-u.bin brcm/brcmbt4388b0-apple,amami-u.bin
07-21 10:46 root         INFO     + FILE brcm/brcmbt4388c0-apple,amami-u.bin SHA256 c5b3e1e2db08a286d76111848345e8df4e620d19e10a941090c712b0868ccba2
07-21 10:46 root         INFO     + FILE brcm/brcmbt4388c0-apple,amami-u.ptb SHA256 d9cd3c62482b0760735f281391eaad51919bad905b2644327e13346bf96734f4
07-21 10:46 root         INFO     + FILE brcm/brcmbt4388c0-apple,canary-u.bin SHA256 92cd94181d365601ff440e06165a9c3f59a8a7d7898dce4cbbf5870961a0561f
07-21 10:46 root         INFO     + FILE brcm/brcmbt4388c0-apple,canary-u.ptb SHA256 36302e5bab7c6c19f520cbf82f22cb94319e94f7bfecdc940e269aaa33a3ed93
07-21 10:46 root         INFO     + FILE brcm/brcmbt4388c0-apple,java-u.bin SHA256 c63e31ed2a2d6a7fb7471589fe5914fd804ddf1387b5bcf677868dea676fd05c
07-21 10:46 root         INFO     + FILE brcm/brcmbt4388c0-apple,java-u.ptb SHA256 b61e79b7fdeadbba01fc2e0fd10ef4d2d9fd3c90776a1a01128ddcf986893844
07-21 10:46 root         INFO     + FILE brcm/brcmbt4388c0-apple,miyake-u.bin SHA256 dd1fbef93413469ed3303261359d0de3a11dbed40682f1b215579675bb9c8b8a
07-21 10:46 root         INFO     + FILE brcm/brcmbt4388c0-apple,miyake-u.ptb SHA256 45c6ff048e49072f2128f39aae92260ed9ffefdeb5fe5286712b37125df67884
07-21 10:46 root         INFO     + FILE brcm/brcmbt4388c0-apple,sumatra-u.bin SHA256 88f360918035d792e3bf8044f2f3206f21a4f36b23739aeb42590e4750820494
07-21 10:46 root         INFO     + FILE brcm/brcmbt4388c0-apple,sumatra-u.ptb SHA256 e591471b09d2df39c161e39a3156e22c728c63134cbb277d77ae55b65c0025f0
07-21 10:46 root         INFO     + FILE brcm/brcmbt4388c0-apple,tasmania-u.bin SHA256 9fefe7209d466769df90e725dc85003910bcf7d6fe4cf37bbd7e20d8242ee84b
07-21 10:46 root         INFO     + LINK brcm/brcmbt4388c0-apple,tasmania-u.ptb brcm/brcmbt4388c0-apple,miyake-u.ptb
07-21 10:46 root         INFO     + FILE brcm/brcmbt4388c0-apple,tokara-u.bin SHA256 7d92a1d4b89862993d7e521bfae260b16ca5bcf630460fdf23d22607ee4bd0b1
07-21 10:46 root         INFO     + FILE brcm/brcmbt4388c0-apple,tokara-u.ptb SHA256 a838483d535aab09f971c2b1ad837c24615262b291ff4855925a4625e250b7a6
07-21 10:46 root         INFO     Collecting Multitouch firmware
07-21 10:46 asahi_firmware.multitouch INFO     Processing j293
07-21 10:46 asahi_firmware.multitouch INFO       Collecting C1FB0,9
07-21 10:46 asahi_firmware.multitouch INFO       Collected C1FB0,9 as apple/dfrmtfw-j293.bin
07-21 10:46 root         INFO     + FILE apple/dfrmtfw-j293.bin SHA256 c0c04a15bbb064aa5c3cd69e40e05498c7ba1411bfbf3c16bb8181312b18526e
07-21 10:46 root         INFO     Collecting ISP firmware
07-21 10:46 asahi_firmware.isp INFO     Extracting firmware from camera daemon at recovery/usr/sbin/appleh13camerad
07-21 10:46 asahi_firmware.isp INFO     isp-extract: 1/6: Found sensor 248_1822_02XX data at offset 0x1c1000
07-21 10:46 asahi_firmware.isp INFO     isp-extract: 2/6: Found sensor 248_1820_01XX data at offset 0x1c6000
07-21 10:46 asahi_firmware.isp INFO     isp-extract: 3/6: Found sensor 364_8723_01XX data at offset 0x1cb000
07-21 10:46 asahi_firmware.isp INFO     isp-extract: 4/6: Found sensor 364_8720_01XX data at offset 0x1cf000
07-21 10:46 asahi_firmware.isp INFO     isp-extract: 5/6: Found sensor 558_1922_02XX data at offset 0x23c000
07-21 10:46 asahi_firmware.isp INFO     isp-extract: 6/6: Found sensor 558_1921_01XX data at offset 0x247000
07-21 10:46 asahi_firmware.isp INFO     isp-extract: Found all 6/6 sensor calibration files!
07-21 10:46 root         INFO     + FILE apple/isp_1820_01XX.dat SHA256 23b7f76aca7e0ea8b462d8bc20a7a218b2d86015d62867fca6c5f38cdbf36e1d
07-21 10:46 root         INFO     + FILE apple/isp_1822_02XX.dat SHA256 1292c640b07497fed42f035319462a212108fd4c3fba2f3883226ef31bd5107f
07-21 10:46 root         INFO     + FILE apple/isp_1921_01XX.dat SHA256 b0c47560b845b40f8f096c82fac0f7adbaa171fbd10c84dc6a119593e2ab1d12
07-21 10:46 root         INFO     + FILE apple/isp_1922_02XX.dat SHA256 9483c3fa909d86debb8924e07be094335be75c9b2c63b7dddcbb727f2483363d
07-21 10:46 root         INFO     + FILE apple/isp_8720_01XX.dat SHA256 c398e4922eae2ad5acfdb312e4f9149482131440cfebda93fec0a38208fec12f
07-21 10:46 root         INFO     + FILE apple/isp_8723_01XX.dat SHA256 d05e1befd2a54dba750a24709bf9bd2bbb55a158b91ce047810292b0c4e17ce4
07-21 10:46 root         INFO     Collecting Kernel firmware
07-21 10:46 asahi_firmware.kernel INFO     Extracting firmware from kernel at /Volumes/Preboot/34B3D2C7-11A2-409E-B6C5-5959E69B719E/./Restore/kernelcache.release.mac13g
07-21 10:46 root         INFO     + FILE asmedia/asm2214a-apple.bin SHA256 b01d8884d1c99952794dce2a398cd64fadf10301f568e1523aaeccef4f15472d
07-21 10:46 root         INFO     Collecting ALS firmware
07-21 10:46 asahi_firmware.als INFO       Collected apple/aop-als-cal.bin
07-21 10:46 root         INFO     + FILE apple/HmCA-3A0DBB8A3900 SHA256 8a019d4136375db9b968f54623dae0d76d96fab5debb38c69d76e26f93b8d231
07-21 10:46 root         INFO     + FILE apple/aop-als-cal.bin SHA256 7f29b831e5805e646a9b65c233ce37071e7bb5d03bae6ac073d7e423008b1827
07-21 10:46 root         INFO     Making fallback firmware archive
07-21 10:46 root         INFO     Detaching recovery ramdisk
07-21 10:46 root         INFO     MSG: Installing OS...
07-21 10:46 root         INFO     OSInstaller.install()
07-21 10:46 root         INFO     Installing partition {'name': 'EFI', 'type': 'EFI', 'size': '500MB', 'format': 'fat', 'copy_firmware': True, 'copy_installer_data': True, 'source': 'esp'} -> disk0s6
07-21 10:46 root         INFO     MSG:   Copying from esp into disk0s6 partition...
07-21 10:46 root         DEBUG    run: diskutil ('mount', 'disk0s6')
07-21 10:46 root         DEBUG    process output: b'Volume EFI - NIXOS on disk0s6 mounted\n'
07-21 10:46 root         DEBUG    get: diskutil ('info', '-plist', 'disk0s6')
07-21 10:46 root         INFO     Copy: esp -> /Volumes/EFI - NIXOS
07-21 10:46 root         INFO       esp/* -> /Volumes/EFI - NIXOS
07-21 10:46 root         INFO       esp/m1n1/boot.bin -> /Volumes/EFI - NIXOS/m1n1/boot.bin
07-21 10:46 root         INFO       esp/m1n1/boot.bin -> /Volumes/EFI - NIXOS/m1n1/boot.bin
07-21 10:46 root         DEBUG    run: diskutil ('mount', 'disk0s6')
07-21 10:46 root         DEBUG    process output: b'Volume EFI - NIXOS on disk0s6 mounted\n'
07-21 10:46 root         DEBUG    get: diskutil ('info', '-plist', 'disk0s6')
07-21 10:46 root         INFO     MSG:   Copying firmware into disk0s6 partition...
07-21 10:46 root         INFO     Firmware -> /Volumes/EFI - NIXOS/vendorfw
07-21 10:46 root         DEBUG    run: diskutil ('mount', 'disk0s6')
07-21 10:46 root         DEBUG    process output: b'Volume EFI - NIXOS on disk0s6 mounted\n'
07-21 10:46 root         DEBUG    get: diskutil ('info', '-plist', 'disk0s6')
07-21 10:46 root         INFO     MSG: Preparing to finish installation...
07-21 10:46 root         INFO     Building boot object
07-21 10:46 root         INFO       Boot object: m1n1.bin
07-21 10:46 root         INFO       Next object: m1n1/boot.bin
07-21 10:46 root         INFO     m1n1 vars:
07-21 10:46 root         INFO       chosen.asahi,efi-system-partition=f51c2700-5aac-45c4-b709-01a44a6efe32
07-21 10:46 root         INFO       chainload=f51c2700-5aac-45c4-b709-01a44a6efe32;m1n1/boot.bin
07-21 10:46 root         INFO     Built boot object at /Volumes/Nixos/Finish Installation.app/Contents/Resources/boot.bin
07-21 10:46 root         INFO     MSG: Collecting installer data...
07-21 10:46 root         INFO     Copying installer data to /Volumes/EFI - NIXOS/asahi
